number,hash,parent_hash,nonce,sha3_uncles,logs_bloom,transactions_root,state_root,receipts_root,miner,difficulty,total_difficulty,size,extra_data,gas_limit,gas_used,timestamp,transaction_count,base_fee_per_gas
15537388,0x34f2900754317c14b2479f9a0342b0f4e16bd4681a5fff25157ef1007eab825f,0x5a2504b5e378f28d8f1fc52bac609eca4f3d79f444c50a17c2f6c86f95bf2919,0x9206e9a5cae2058c,0x1dcc4de8dec75d7aab85b567b6ccd41ad312451b948a7413f0a142fd40d49347,0x502e0487a11080051205989994081820ca28002042510240620162049d0c50804621010c4442c12062a61800c0858798021559812e94a81097008212b1ae3006000020404809044a79ee013815f0cb3a00047e00005c22a1a28abec08ec5f98a0921c416030a5c048897594002400ba102c80480041126b4b810a49e423895468824890440221224646c8502014140014081e35115c8848cd4a010c08bf24894bbc0190c81d060441741c0c29102cd34324202910a0000d240700d1b000901a1050109022401405948816195120006b001625c7021cac852080519021009200308b425192304c239020914c100820c400170711a034803d8005cc95153807100,0xfb0a569d9a40d1c3ade913ca4eeac661550a6161fd4eee29119cc10536fd68c7,0x98efdb8d69e7596b660ba0fea82d36f28864e0f95478899fa33fd6da058d5bc0,0xaeba43330764722ccfa8b0c76f2c76fb54023a3804aca7a1ce8f5d401597d3ae,0xea674fdde714fd979de3edf0f56aa9716b898ec8,11031474385146923,58749948497083790670458,19789,0x6575726f70652d77657374332d38,30000000,15109407,1663224133,114,37190466833
15537389,0xc81d887fda0e021a4c54e68f9b6a78d3b70deb18b8af0be7795e7d18051cf2fe,0x34f2900754317c14b2479f9a0342b0f4e16bd4681a5fff25157ef1007eab825f,0xebba2908368ba3fb,0x1dcc4de8dec75d7aab85b567b6ccd41ad312451b948a7413f0a142fd40d49347,0x5620abc2a149744b80aa62dda3b974586111019d61048b2c39350b641404042406c81046782d04188d852a7d70d0c90cbb08b00c0e42a009e7e86c404823ef2d123079da06b992ac2a8e0acd0099502aaa0079c14050e679c603101cb811a883f00c41332a0b4eda57d1cca01b8f88587b2983a0e700bca063e5e3d195482172bce2a144284c191192d8cd88590812c714a61c01a3881c190cc000fa83d133594bc024f148c626b67d02e59491027ca034899a37701b04f232fa2c942369e1c0e59ad362448b285a4a48ed03069035d8b8e68382e54c8e100081830f11a134164d16e30242a02cb8a62511360bb6fa8ce4e2327e46c824c0715c0d5090e00121,0x094b940cd0e1f500e15294d602ce5afcb178d08bbf1043e27d22e21ba1d0c13c,0xbf7fcb19e96cb3f211717553f58327f8e168403749e674ef39974b0021800c94,0x3b7c1fba752ca54fba30f885ee25db1ecbafdc82956a95d899cbb1d78771b5c8,0xea674fdde714fd979de3edf0f56aa9716b898ec8,11032024140960811,58749959529107931631269,36493,0x617369612d65617374322d3131,30029295,26226335,1663224142,175,37224374311
15537390,0xd5b9efdd3659f5b635e0505d787d6b6cc3af4c660def9676188cda2bb026bffd,0xc81d887fda0e021a4c54e68f9b6a78d3b70deb18b8af0be7795e7d18051cf2fe,0x1f07464e8175235f,0x1dcc4de8dec75d7aab85b567b6ccd41ad312451b948a7413f0a142fd40d49347,0x10004008011000010810002c00c000401042040084400602205920210d0100c0000000240000003000a0092a802001814208408a0c0120901002002010222200001910010400080e4800000800017008000010400050800120020108c0000c00022008180300010201144c00000808000098004a4300340021400010000a028c0090010020881041a0e01810008410040000000a0d08200204102800011010080a80003c008022000010002840020100c04000102287001040a01000000900108120a002000121114080000000100100020042200a1c8000000081020080a4220814e109000005002600100108301018002020000004250901a1484040000010,0xe16b12997e99393fab92f787e8fceb9880f226e62ed48b2b51e9aa1956600f23,0xde56e0e536fab72545f5c2e54be0fcbdf644cd551eee823b5a52750690cc2185,0x9befb155572b619e15a0af9f0cc56148903d4ef2853422e3a0983ff2587946f2,0x829bd824b016326a401d083b33d092293333a830,11037960627312277,58749970567068558943546,7807,0xe4b883e5bda9e7a59ee4bb99e9b1bc472121,30000000,6893891,1663224150,46,40698882159
15537391,0x2f1dc309c7cc0a5a2e3b3dd9315fea0ffbc53c56f9237f3ca11b20de0232f153,0xd5b9efdd3659f5b635e0505d787d6b6cc3af4c660def9676188cda2bb026bffd,0xac2c3800025a764f,0x1dcc4de8dec75d7aab85b567b6ccd41ad312451b948a7413f0a142fd40d49347,0x53a240c0610070015299420086041090205a1106210008400082344ac4142014222281180000001002893c01476030000a8481c92d142d00002000008a24281021504000002000bc6a0680081643112104010090090e265b3120540380000bc540600400c620108180042c5100cc08dc002a00904a51933160a81010444940f20000200423c83848130d8a0420c9c22240801a018108100a5222804b8d466b4b3a52014500a8a08424024c00241a80900a8041bc622db10209200022c04ca5000030000ec4110400248002300c40800148166384e7e80812920021018800e002007060c3004068125ac13058b160283604206948102888500600080058915c22,0xd976f002afbac9fdf1b028336719b602b9f4660ca103b8963b2f05a4f951cdc9,0xb8d426f8c8b6ae1c34f6bebf904971be1611c29e8889c7133bdef5e4e9e60b7f,0x6b4d994610806d8a5ed107996abc477688d4d0748763828f68c0d8df174ba256,0x829bd824b016326a401d083b33d092293333a830,11043900012338719,58749981610968571282265,47274,0xe4b883e5bda9e7a59ee4bb99e9b1bc4b2e22,30000000,16969164,1663224155,105,37949635702
15537392,0x2b3ea3cd4befcab070812443affb08bf17a91ce382c714a536ca3cacab82278b,0x2f1dc309c7cc0a5a2e3b3dd9315fea0ffbc53c56f9237f3ca11b20de0232f153,0x232b0043952c93d9,0x1dcc4de8dec75d7aab85b567b6ccd41ad312451b948a7413f0a142fd40d49347,0xffffffffffffffffffffffffffffffffffffffffffffffffffffffffffffffffffffffffffffffffffffffffffffffffffffffffffffffffffffffffffffffffffffffffffffffffffffffffffffffffffffffffffffffffffffffffffffffffffffffffffffffffffffffffffffffffffffffffffffffffffffffffffffffffffffffffffffffffffffffffffffffffffffffffffffffffffffffffffffffffffffffffffffffffffffffffffffffffffffffffffffffffffffffffffffffffffffffffffffffffffffffffffffffffffffffffffffffffffffffffffffffffffffffffffffffffffffffffffffffffffffffffffffffffffffffffffffffff,0x82864b3a65d1ac1917c426d48915dca0fc966fbf3f30fd051659f35dc3fd9be1,0xfee48a40a2765ab31fcd06ab6956341d13dc2c4b9762f2447aa425bb1c089b30,0x13c10513b52358022f800e2f9f1c50328798427b1b4a1ebbbd20b7417fb9719d,0xea674fdde714fd979de3edf0f56aa9716b898ec8,11049842297455506,58749992660810868737771,16568,0x617369612d65617374322d31763932,30000000,29990952,1663224156,61,38572377838
15537393,0x55b11b918355b1ef9c5db810302ebad0bf2544255b530cdce90674d5887bb286,0x2b3ea3cd4befcab070812443affb08bf17a91ce382c714a536ca3cacab82278b,0x62a3ee77461d4fc9,0x1dcc4de8dec75d7aab85b567b6ccd41ad312451b948a7413f0a142fd40d49347,0x00000400000000000000000000000000000000000000000000000000000000000000000000000000000000000000000000000000000000000000000000000080000000000000000000000008000000000000000000000000000000000000000000000000020000000000000000000800000000004000000000000010000000000000000000000000000000000000000000000000000000000000000000000000000000000000000000000000000000000000000000000000000000008400000000001002000000000000000000000000000000000002000000020000000020000000000000000000000000000000000000000040000000000000000000000000,0xdd5eec02b019ff76e359b09bfa19395a2a0e97bc01e70d8d5491e640167c96a8,0x4919dafa6ac8becfbbd0c2808f6c9511a057c21e42839caff5dfb6d3ef514951,0xbaa842cfd552321a9c2450576126311e071680a1258032219c6490b663c1dab8,0x829bd824b016326a401d083b33d092293333a830,11055787484078698,58750003716598352816469,1636,0xe4b883e5bda9e7a59ee4bb99e9b1bc460021,30000000,29991429,1663224162,1,43391016710
15537394,0x56a9bb0302da44b8c0b3df540781424684c3af04d0b7a38d72842b762076a664,0x55b11b918355b1ef9c5db810302ebad0bf2544255b530cdce90674d5887bb286,0x0000000000000000,0x1dcc4de8dec75d7aab85b567b6ccd41ad312451b948a7413f0a142fd40d49347,0xffffffffffffffffffffffffffffffffffffffffffffffffffffffffffffffffffffffffffffffffffffffffffffffffffffffffffffffffffffffffffffffffffffffffffffffffffffffffffffffffffffffffffffffffffffffffffffffffffffffffffffffffffffffffffffffffffffffffffffffffffffffffffffffffffffffffffffffffffffffffffffffffffffffffffffffffffffffffffffffffffffffffffffffffffffffffffffffffffffffffffffffffffffffffffffffffffffffffffffffffffffffffffffffffffffffffffffffffffffffffffffffffffffffffffffffffffffffffffffffffffffffffffffffffffffffffffffffff,0x1ea1746468686159ce730c1cc49a886721244e5d1fa9a06d6d4196b6f013c82c,0x40c07091e16263270f3579385090fea02dd5f061ba6750228fcc082ff762fda7,0x928073fb98ce316265ea35d95ab7e2e1206cecd85242eb841dbbcc4f568fca4b,0xeee27662c2b8eba3cd936a23f039f3189633e4c8,0,58750003716598352816469,18559,0x,30000000,29983006,1663224179,80,48811794595
15537395,0xe37e1a183a3d1c7234d090bfb7196081635919c26f2e65c67c106513158a7db4,0x56a9bb0302da44b8c0b3df540781424684c3af04d0b7a38d72842b762076a664,0x0000000000000000,0x1dcc4de8dec75d7aab85b567b6ccd41ad312451b948a7413f0a142fd40d49347,0xffffffffffffffffffffffffffffffffffffffffffffffffffffffffffffffffffffffffffffffffffffffffffffffffffffffffffffffffffffffffffffffffffffffffffffffffffffffffffffffffffffffffffffffffffffffffffffffffffffffffffffffffffffffffffffffffffffffffffffffffffffffffffffffffffffffffffffffffffffffffffffffffffffffffffffffffffffffffffffffffffffffffffffffffffffffffffffffffffffffffffffffffffffffffffffffffffffffffffffffffffffffffffffffffffffffffffffffffffffffffffffffffffffffffffffffffffffffffffffffffffffffffffffffffffffffffffffffff,0x5c56184fbce74e9c98d2a51aa2110963396047d84e8ce1ae1785337255cd11e0,0x2ca38a39c5517f658d107c19550334a9820a7393d14857f2c0e0458292668d64,0x1707e457973ce280debe93f5d478663d97ad192beea1f2fc65f391db80226e5e,0x0b3b161b8abeb6b04cb95c3e6047f80c120a0292,0,58750003716598352816469,36978,0x,30000000,29982083,1663224191,29,54906356355
15537396,0x98c735877f2f30bad54fc46ba8bcd93a54da32a60b2905cb23ad6c7a70ebaa40,0xe37e1a183a3d1c7234d090bfb7196081635919c26f2e65c67c106513158a7db4,0x0000000000000000,0x1dcc4de8dec75d7aab85b567b6ccd41ad312451b948a7413f0a142fd40d49347,0x95248824802c120a80100904f00200b8aa1806824c800070b0c022021810548801083868065858809840241e002418c9132c10edae468122c3a844002865900000513bca20c10102080c2008240e0de4100188800354022a0a14400242c91040085d53926e0809902400801e8262186447813082000004012393501580488042008438263300108021c284582810009800003a821981202d0306115010804034280281080128a8508010595004002000c1400501c5ce08008465003a583044c4d40c764ad00a4700100106196221c9091800040480400c534d00c10e2780f000502421024d1002151401e8c080012042880a021006aa002e2010058216812030,0xf103ec8f4895f63748a3f8d182af659736d1fc593d7117f22babf78e308ce36d,0xe6b8248ff047d9f34ecd82bcc1af2f45e08cd9157168988943b6da26f42dc105,0xf39845a5eabaa2848ff4c6bec8b1ede03ac5e6aa475eae66a5b3621a5b012038,0x388c818ca8b9251b393131c08a736a67ccb19297,0,58750003716598352816469,40259,0x,30000000,29980461,1663224203,170,61761452922
15537397,0x9797d65f12465ada68cdacf7e6b7c22fe43a4d09671187c1cb819e9b0e0dedf6,0x98c735877f2f30bad54fc46ba8bcd93a54da32a60b2905cb23ad6c7a70ebaa40,0x0000000000000000,0x1dcc4de8dec75d7aab85b567b6ccd41ad312451b948a7413f0a142fd40d49347,0x10000905a11025401e40204209111c0d8401a63a20024102066201864f8000081001004812102b4200400a0080001710666011200f48a08824201c0092a3e170d03e1800d65080186d21000908a00621100a260408d06384008711449148111002880a00e2002a1089491810a00249d80100113c04a506ccb69003b1a00c00c0009c8520012632848b090500012000889816342101cdc14d0512278204308004424061ca18107c08000882e084606902218042290a11122a58688e50184a0a0169820b436048301005180243488a040480249060802800582004451b1404212a141930280214d8140421110024a14e4816048703025147c48208499420a10328,0x165a029503ae62a153a3b9589a09db72646749266b2b5fa9ba3198eef453e670,0x2c1728ed8e5d59c813fae703638b359fd13f0c58270f8f179f82478e72097684,0x20cebf97b0024253e3e959ed681c5c659d44a13e94eef442a23667efcba0ed67,0xe688b84b23f322a994a53dbf8e15fa82cdb71127,0,58750003716598352816469,43784,0x,30000000,29997984,1663224215,148,69471578228
15537398,0xb21c38c1c3ee6ae142fa03ae2671db768da478f03bd777537908f79a29b6b3da,0x9797d65f12465ada68cdacf7e6b7c22fe43a4d09671187c1cb819e9b0e0dedf6,0x0000000000000000,0x1dcc4de8dec75d7aab85b567b6ccd41ad312451b948a7413f0a142fd40d49347,0x3630d4b751004884604980cca2f3816808040305a116e58861c012439508421b73831044c040468100040a081de42735760230020e1cb3a7706440d2083e314184107040172d118c6a8962180c81116618d7268b14c43851404192e39102e1005b080d24229ac732009439554038389f63814010d22607206c020514064b024000b8330506821a04c11ac609459bc55e5e8e1947110ec00816062070461020809bd72d04294a74926da1f1e2954980cb009c8a0ae282807205af133c5c1d540349301c8206002516444119000472e010bd2436e0b560245868212b6a1050603aba19e86a0df022482c29d55803340b8ae963286134ca14640148a5d0668a269a,0xe521f5a67a1ec986743c5829ea55436e8b2a1b1e921e7985710dad7bcfe6cb86,0xcf32fcbdd4b2a9ec431d17bcdeea39f4f846e79c7a22b67ff724f5f988a97b99,0xd678c40f0e1d5cc85ebcb65e2b74e09d4b957e17c38392da2a207c2a5e5ba3c2,0x535b918f3724001fd6fb52fcc6cbc220592990a3,0,58750003716598352816469,61629,0x,30000000,29999776,1663224227,211,78154358383
