Block,Timestamp,Transaction Hash,From,To,Value,Nonce,Gas,Gas Price,Receipt Cumulative
10000000,2020-05-04 13:22:13,0x4a1e3e3a2aa4aa79a777d0ae3e2c3a6de158226134123f6c14334964c6ec70cf,0xEA674fdDe714fd979de3EdF0F56AA9716B898ec8,0x60f18d941F6253E3F7082Ea0db3bc3944e7e9D40,0.384134310464384681,25936206,50000,1000000000,21000
10000000,2020-05-04 13:22:13,0xae3b998343418ece279e30ce8bca4efe85541feb9c7da4a4b11be58551283fa3,0xCAc725beF4f114F728cbCfd744a731C2a463c3Fc,0x54A9AC972aB091f0ddBb051317F02882e70885C0,0.195,80489,90000,51000000000,42000
10000000,2020-05-04 13:22:13,0x5721977c1389057dc55c0931dcac46746ea48be9d783e02ce7c581a2130784b7,0xFB90501083a3b6AF766c8dA35d3Dde01eB0d2a68,0x2684CA06FFE6AC41a3137F1Ed5c87bb35E7fD82A,0.0690569,50728,90000,16000000000,63000
10000000,2020-05-04 13:22:13,0xc1fa7c9ee6d994403d7bd877270529266e6e3a7167487cf63663625bcf48e47c,0x876EabF441B2EE5B5b0554Fd502a8E0600950cFa,0x8A9bF82B9df4594291fceEFe6bC4835186f599b2,51.38977458,766629,90000,15000000000,84000
10000000,2020-05-04 13:22:13,0xde0bb67f2a09d347b2a3e3029b8d225e77881fe2a672f9bce329e96f2597535d,0x876EabF441B2EE5B5b0554Fd502a8E0600950cFa,0x37b5AB65Da648146b4C5EA955a1Ec37671FE6B68,5.12633396,766630,90000,15000000000,105000
10000000,2020-05-04 13:22:13,0x1f17943d5dd7053959f1dc092dfad60a7caa084224212b1adbecaf3137efdfdd,0x876EabF441B2EE5B5b0554Fd502a8E0600950cFa,0xCeD4E93198734dDaFf8492d525Bd258D49eb388E,0,766631,90000,15000000000,157258
10000000,2020-05-04 13:22:13,0x32c3890f0878d111c4008ae22d5784da5984fa4391bec87f205b10ee44904f6f,0x0681E844593A051E2882Ec897ecD5444eFE19FF2,0x080bf510FCbF18b91105470639e9561022937712,0,110372,800000,11700000000,290788
10000000,2020-05-04 13:22:13,0x80e195cabafd0358a35cec5fadc9b304734ac1f0ed6edf607d170dab13f5e069,0x39BB7d39A395e0ce36875244ad48BCaeC54FAf03,0xdAC17F958D2ee523a2206206994597C13D831ec7,0,3310,60000,10800000000,331985
10000000,2020-05-04 13:22:13,0x2be70b2bcff662ba941c3f3c7706ef2c674d0d0ea4a13a91543cbe18862063d4,0x3F13E7a451a907030f8346Db90C112C5d0DD7D9b,0x797DBfaB26308010199f0B18c97C1C554Dd119f9,0.00479,11,21000,10000000000,352985
10000000,2020-05-04 13:22:13,0xd321d6a7277d91bd7267560086b13661ff9320a33f3f4e2ac355339d330eff07,0x002e08000acbbaE2155Fab7AC01929564949070d,0x004F6C62200D001D2b6C01319f141c2d2b4d25B1,0.514866018,25660,50000,10000000000,373985
10000000,2020-05-04 13:22:13,0xac4353537e27ba823016c823623b666b9715af8dc434910345fc51c257b6724c,0x002e08000acbbaE2155Fab7AC01929564949070d,0x0f9F20053d0B32e985683E41733f186C34352E04,2.146142075,25661,50000,10000000000,395036
10000000,2020-05-04 13:22:13,0xeafdccd04de9e014d6540a90e8461033072297a85a99851a08ff966145916016,0x26c01BE609e5580521fC643b1f6614B9A824B882,0xa5c43ffF568fC2115D54499d4cf202BB490Ef152,0,23789,80000,10000000000,432964
10000000,2020-05-04 13:22:13,0x4f228718203c168c253f657a279df13dcca7c26f5fbbf215b32720c28845c22f,0x26c01BE609e5580521fC643b1f6614B9A824B882,0xa5c43ffF568fC2115D54499d4cf202BB490Ef152,0,23790,80000,10000000000,470880
10000000,2020-05-04 13:22:13,0xe0831110bb47b6b361e559577aa81dbfdd2eb864399658c1417c2c9508447192,0x26c01BE609e5580521fC643b1f6614B9A824B882,0xa5c43ffF568fC2115D54499d4cf202BB490Ef152,0,23791,80000,10000000000,508796
10000000,2020-05-04 13:22:13,0xe66e1250c291643deb7ae2b97e9785874e8da8528c2b23f7c113c0db08efa280,0x26c01BE609e5580521fC643b1f6614B9A824B882,0xa5c43ffF568fC2115D54499d4cf202BB490Ef152,0,23792,80000,10000000000,546724
10000000,2020-05-04 13:22:13,0x780a0c10f10621941720920702de056a6549b5719fdd2778c4e0e8e2dd18f515,0x3682d9Df580BEf3d01CA8B94668a07D3e6D32A06,0x797DBfaB26308010199f0B18c97C1C554Dd119f9,0.117679773062186855,2,21000,10000000000,567724
10000000,2020-05-04 13:22:13,0x2b2c89208d78e2d59c8a1c2f1d695a4c4f66b85fc795ef9a9641db83c7b8380b,0x663c35c7a2Ccf6bb433f4428Bab0668a84fa3Bc8,0xC88F7666330b4b511358b7742dC2a3234710e7B1,0.02929868,0,21000,10000000000,588724
10000000,2020-05-04 13:22:13,0xd104afd704cef2b36800e6472793ff52211f3253f0e1a21416ad7735ababf6bf,0x1987AE42DbB74B80996e16a4d1D581465226f24D,0xdAC17F958D2ee523a2206206994597C13D831ec7,0,79,60000,9200000000,629921
10000000,2020-05-04 13:22:13,0x3829fcf58a8357fd765b7f2916083405dddcde69dac837a5346e666fb6cd0add,0x8455A0a413b5304a6780f4a249315dE756400941,0xaE76c84C9262Cdb9abc0C2c8888e62Db8E22A0bF,0.587493921913727177,1859,80000,9189997953,683849
10000000,2020-05-04 13:22:13,0x465452188955efdaa92e59eb0154d04230eb78afd1240f4e8c5e4193012d4397,0x042C805d595d350a1dAEB800Fd3C94e0f5CEfF8d,0x3ABd838b3673920626916aEfe3e27fE18b52C7b2,0.15,164,21000,9000000000,704849
10000000,2020-05-04 13:22:13,0x23cf98118116355fca13c14edd483e4097ed4122fbd9dd5cb8e64d8f51fc3f99,0x49e85EBC224d9694293b340dd6dCE35fbeE59234,0x43Cad9793FB8b72Cadc63fD861bfF2DDC9202892,0,1059,60000,8800000233,757570
10000000,2020-05-04 13:22:13,0xc2f74145a896b6a5b938216d130f5c382d3d77d5d501ab41e43681cbebcf3b97,0xe1D9b2B918e7bF4C27B108c7D78c839356B7C69F,0xF0542Ed44d268C85875b3B84B0e7Ce0773E9aEEf,0.1,3,3000000,8000000000,1036343
10000000,2020-05-04 13:22:13,0xd16944a2105c89c8db9d34c2b3b450e44c3647a934fdae93c0a6d4f599888cc3,0x47c803871c99EC7180E50dcDA989320871FcBfEE,0xc0F1728d9513EFC316D0E93A0758c992f88b0809,0,72346,4000000,8000000000,1078370
10000000,2020-05-04 13:22:13,0xabbe016684f3865d4529b01d617bb4668c81de79a3cb5e2bb99769d1a4e91ef4,0xfda400E0dD1E6564FCaED38c1622C88227C11Ada,0x3B89578FC9f4B3C76380aE52269e2f037e2E4E62,1.245105,3864,21000,8000000000,1099370
10000000,2020-05-04 13:22:13,0xa9b04ff42f93868886c1258ba59967ceb6aafa0118655032210a867bdad7cff1,0xBE65072aae7ca8D43615d4caaEeD8764f5208e61,0x8A91C9A16cD62693649D80Afa85A09DBBdCb8508,0,444955,1599813,8000000000,2036640
10000000,2020-05-04 13:22:13,0xc96ee63d87a2d21b1dccff4d3de50726887cadbf010cc749efff355383dc1a7b,0xBE65072aae7ca8D43615d4caaEeD8764f5208e61,0x8A91C9A16cD62693649D80Afa85A09DBBdCb8508,0,444956,2000000,8000000000,2372224
10000000,2020-05-04 13:22:13,0x46a9ce0dbc787533c6bda878ff3c4f2354b86301bf4f6beeb237e7baf307d4a3,0xBE65072aae7ca8D43615d4caaEeD8764f5208e61,0x8A91C9A16cD62693649D80Afa85A09DBBdCb8508,0,444957,2000000,8000000000,2707808
10000000,2020-05-04 13:22:13,0x9dab17b59a0612347929fe03bb82d6a03f8a0880ac6201eb992c4f3b4fb4d088,0xBE65072aae7ca8D43615d4caaEeD8764f5208e61,0x8A91C9A16cD62693649D80Afa85A09DBBdCb8508,0,444958,2000000,8000000000,2919883
10000000,2020-05-04 13:22:13,0xff7bf9419390ebea5eb3786c4f05c18c4ba879cde8e8e5bcd8380b6c6e332722,0xBE65072aae7ca8D43615d4caaEeD8764f5208e61,0x8A91C9A16cD62693649D80Afa85A09DBBdCb8508,0,444959,2000000,8000000000,3255467
10000000,2020-05-04 13:22:13,0x886d559cedfc71914a132d89f191a3e9969fd84dc532782f39e12f465d69c570,0xBE65072aae7ca8D43615d4caaEeD8764f5208e61,0x8A91C9A16cD62693649D80Afa85A09DBBdCb8508,0,444960,2000000,8000000000,3452542
10000000,2020-05-04 13:22:13,0x52f56633312ff33cedb7dea149df5206e6c257f46ae53a6be250a341beeaad4a,0xBE65072aae7ca8D43615d4caaEeD8764f5208e61,0x8A91C9A16cD62693649D80Afa85A09DBBdCb8508,0,444961,2000000,8000000000,3788126
10000000,2020-05-04 13:22:13,0x5fa6178295aa01b01076d2ad5a329b6477d64e2fa63ee6cf4d991181ec3d8353,0xBE65072aae7ca8D43615d4caaEeD8764f5208e61,0x8A91C9A16cD62693649D80Afa85A09DBBdCb8508,0,444962,2000000,8000000000,4123710
10000000,2020-05-04 13:22:13,0x670a34663303a0b7026af3e19e5aca88c4f4efb81f31694daf5a1c59dd177920,0xBE65072aae7ca8D43615d4caaEeD8764f5208e61,0x8A91C9A16cD62693649D80Afa85A09DBBdCb8508,0,444963,2000000,8000000000,4320785
10000000,2020-05-04 13:22:13,0x3b801a44c76dfba29198c1c3f7eb4edef0203a229cbb8356b167e185570d21a5,0xBE65072aae7ca8D43615d4caaEeD8764f5208e61,0x8A91C9A16cD62693649D80Afa85A09DBBdCb8508,0,444964,2000000,8000000000,4656369
10000000,2020-05-04 13:22:13,0x4ac6c353cdef32232a28fd3608d3223c329f28c5e8161ff411bf624f4f234b59,0xBE65072aae7ca8D43615d4caaEeD8764f5208e61,0x8A91C9A16cD62693649D80Afa85A09DBBdCb8508,0,444965,2000000,8000000000,4991953
10000000,2020-05-04 13:22:13,0x32abc366541c2cbb2086ac6b74a18d4bf5eff44625a7b8b1fe8e4d1eb8d7f928,0xC38686B6c46A7833264b907aA90c1a965b831B25,0x5Dc24F0178FaF2553A05B6109934585574FE3a79,0.001,826,21000,8000000000,5012953
10000000,2020-05-04 13:22:13,0xe5356227e780fdbd5fd0112ac3a57b6ab5ea158e878c5f6b98ca96b9e6f51145,0x76043f4D08E2f3f2da6be61f43b637Dd7eABf586,0x0559324025d6eF4A715c2e22562b90210FcfE25A,0,75487,500000,8000000000,5044697
10000000,2020-05-04 13:22:13,0xd4db62bc3f09078143b47fae1873370fe28e3a777bc96f1ff49d40051def16ad,0xCB4e45fbbC50A3C972c35bD2cFe552DbE493Ec7D,0x172798f5e9AB2a92AD7A133ebD76e649b3Ff5133,1.135932644826109463,14,21000,7700000000,5065697
10000000,2020-05-04 13:22:13,0x48db4231fb7de49b624f0860fed5f459ca7231ff1f22ef58f00c1cefd6e454ef,0x074fdC302F8D3C0E8B11C80F2A07BF2a3b8ca855,0x7Be8076f4EA4A4AD08075C2508e481d6C946D12b,1.4,6418,1068863,7700000000,5975142
10000000,2020-05-04 13:22:13,0xfa4248731bf7259e1b68f877bc372bf84d0718f50feefb1ef7b2bada263d4b32,0xa0a3aD52bD69e93C0C9613f432A8D71DfF511FA8,0x74381D4533cc43121abFef7566010dD9FB7c9F7a,1.183167066252774,1,21000,7611148168,5996142
10000000,2020-05-04 13:22:13,0x3ea286092b6768c07834d8de99f2e6983833554c999a2a0e90b99007887bf8d4,0xbD322d388f27D71cC7fdE9B146676aE140306d2a,0xAc54b0f52F314F1eFBEf245A5416fD5d7E381B71,0.098638,0,21000,7611148168,6017142
10000000,2020-05-04 13:22:13,0xf54ffc6ba2c5418431cb11cd2f66780f3d86b7b7cbdd2cb8685c51f546010ae5,0xbD322d388f27D71cC7fdE9B146676aE140306d2a,0x74381D4533cc43121abFef7566010dD9FB7c9F7a,0.394232331776944,1,21000,7611148168,6038142
10000000,2020-05-04 13:22:13,0x1dfefd07ee893cf935cdd661b2da36b8b838ef66f6cb4fb86f488d91bd6c8f60,0x4aA45465D8aA3A80306bF5b068Cf33694D370145,0x74381D4533cc43121abFef7566010dD9FB7c9F7a,0.394876666252774,1,21000,7611148168,6059142
10000000,2020-05-04 13:22:13,0xf3b22f5cc26cc5830f419457d8ca709802a4365d614a73da15925caab8780651,0x5c61018e01434D2824dE152F6Af5822A1EDd46fd,0x2120887E9e4889653770b228Ee8d13231D0EF045,21.812158806941223,2,60000,7500000000,6096983
10000000,2020-05-04 13:22:13,0x3383c0cbe37e7669a805e696ab57fa0957098ebf160b9204906a45a8cdeb85a4,0x77acB4781d4faf056355deF26Ba935C4a0ecaAdd,0x2815B97ce93D9162d26B833CFd30eDBF040Db6D2,0.05,145,25200,7423853396,6117983
10000000,2020-05-04 13:22:13,0x378008298af01be7aab194c4a648524ed41bff38655ad29e90594727e131b6d2,0x48Cd5866A154B98B912315b194eCb35c4ae4b047,0x2815B97ce93D9162d26B833CFd30eDBF040Db6D2,0.05,94,25200,7228440568,6138983
10000000,2020-05-04 13:22:13,0x68c341fec3cb9b344df7a0be3cb86ff69a4b31695b19f0e6d695de5f82b4f583,0x9bF2370Ef1dB522B2d04AB91Af84a284ed733e5A,0x8E870D67F660D95d5be530380D0eC0bd388289E1,0,12,60000,7150000233,6197128
10000000,2020-05-04 13:22:13,0xed9469bf2ac04c583b5200a81da87687c2be0a359ea4df9cbd4e623d43c6eec5,0x2789a160325c6513A248f0147F28f32634bbc631,0xB64Ea50f0c5a4b683Faa6f52655BD5b1A136653D,0.084,2,21000,7000000000,6218128
10000000,2020-05-04 13:22:13,0x8bea1fecf7c12b86e7722adcd158444a6dd22535e62421f5ce77008850b5773c,0x57b19F2e1061068d8ee2C101147405CC19D31d5f,0x29D5527CaA78f1946a409FA6aCaf14A0a4A0274b,0.099856018427036996,416,21000,7000000000,6239128
10000000,2020-05-04 13:22:13,0xf470b475f31530211d9daa18279cca8a36c63136cc2c9aa43e657589da6d5f5d,0x22F0039e614eBA9c51A70376df72B9Ea92cE2500,0x95a41fB80ca70306e9Ecf4e51ceA31bD18379C18,0,10240,57180,7000000000,6296308
10000000,2020-05-04 13:22:13,0x7a537aac20f2f5d6d14ca09b7dfef1a4b9712713fdeab78c0c1670754c37c1ba,0x22F0039e614eBA9c51A70376df72B9Ea92cE2500,0x95a41fB80ca70306e9Ecf4e51ceA31bD18379C18,0,10241,57180,7000000000,6353488
10000000,2020-05-04 13:22:13,0xedb6eb01eff47d65c47fca90cfd285026aff0f1cf00a696948f966af8c60b638,0x22F0039e614eBA9c51A70376df72B9Ea92cE2500,0x95a41fB80ca70306e9Ecf4e51ceA31bD18379C18,0,10242,57180,7000000000,6410668
10000000,2020-05-04 13:22:13,0x4ef1f0d6f240a5e5bba4d4299f9748e6873a55c993e001771c8c861ab7019516,0x22F0039e614eBA9c51A70376df72B9Ea92cE2500,0x95a41fB80ca70306e9Ecf4e51ceA31bD18379C18,0,10243,57192,7000000000,6467860
10000000,2020-05-04 13:22:13,0x9ccd8b369a3adbe9189e218316c3d16d1df72b2bc469ee27e7d7b2d8a018387f,0x22F0039e614eBA9c51A70376df72B9Ea92cE2500,0x95a41fB80ca70306e9Ecf4e51ceA31bD18379C18,0,10244,57180,7000000000,6525040
10000000,2020-05-04 13:22:13,0x121d7d5c686a11a0fc9efa415ee73b4fe9a6cc4f2cdd6b72fb40df8fb56dd398,0xb0339Aa29411085bBf7666136ACC34b9d588431F,0x0c045FAF60F5df62eBdcb25a8D7437f31ab5Ef8A,0.0001,308,21000,7000000000,6546040
10000000,2020-05-04 13:22:13,0x46411c13c6dacffd038f327ee6be0b3d452b8894094c77a026fb5f37620eb6b2,0xC9a3919E99bACdad659f309451F104E1D483e4Ee,0x2815B97ce93D9162d26B833CFd30eDBF040Db6D2,0.05,96,25200,6912844016,6567040
10000000,2020-05-04 13:22:13,0x387a9d970a599d01fa0e6b99002cf31492a6786f83f9802adcfb037dc50050f0,0xC0cC62cC6f12F4344934573367C3823CCaaf89a4,0x9C6E6e963460Cc027A33744248A177727900a4B8,0,5667,237845,6799999999,6717860
10000000,2020-05-04 13:22:13,0x99a5105016f2ddbddfcf14a3f02944d1c77587801fd7c45cdbcbb166dfdfdb63,0x6f013Cb44095efE19e2af1FB4DAe2E9b90Eaa654,0xdAC17F958D2ee523a2206206994597C13D831ec7,0,201,60000,6600000233,6759069
10000000,2020-05-04 13:22:13,0x64ee0f6db3cfb55d4f97efd03b306291aaffd37fdc23bb9a9d743a91480d8aa8,0xA2a12A56d63067fCEaAaa9Fdef0CbEAB1ECC62a7,0x6Bab0b0CF4cF216F222FC0290764415c22c241d9,0,46,60000,6600000144,6800300
10000000,2020-05-04 13:22:13,0x4c761e3fba51e3dbed057ea1b7aff7a2a3091174da3aeac26148281818640144,0x99C13cB5f66Ad6e221426Ac5eED94a227809eB29,0xC02aaA39b223FE8D0A0e5C4F27eAD9083C756Cc2,0.01,133,43738,6600000144,6844038
10000000,2020-05-04 13:22:13,0x6fc44162434aa6acf0d51089ec99ea74ba710b77f5532aa875f53e0adf99bd1d,0x90d09dB3Ed3e6C8b4f169e7620EC32fEC0F86410,0xdAC17F958D2ee523a2206206994597C13D831ec7,0,2567,60000,6600000144,6900235
10000000,2020-05-04 13:22:13,0xc7d6f90ce2bf83222667b356057b04c7458f17de67b97efa484fa17e64952c59,0x90d09dB3Ed3e6C8b4f169e7620EC32fEC0F86410,0xdAC17F958D2ee523a2206206994597C13D831ec7,0,2568,60000,6600000144,6956432
10000000,2020-05-04 13:22:13,0xae31d02fbe53db557d70c6993704850031ec45e573b43c70fd275437bebc66e1,0x0C2D60ACb02Ba038371f8fe0ba0e4203F6E7e83d,0xE62E6E6C3b808faAD3a54B226379466544D76Ea4,0,34,80000,6600000144,7011907
10000000,2020-05-04 13:22:13,0x28248c09df0ddf6b7bf9253653a0003bbdfaa2a65418188519e26b8fa1e5f9cc,0x623E9429A8d081B545B0364a840b5289790909f2,0xdAC17F958D2ee523a2206206994597C13D831ec7,0,81,60000,6600000144,7053104
10000000,2020-05-04 13:22:13,0xae8f1b0c5e9676fb7b7dd1f1053c194c25698255cd16c454060ba636d501477e,0x623E9429A8d081B545B0364a840b5289790909f2,0xdAC17F958D2ee523a2206206994597C13D831ec7,0,82,60000,6600000144,7094301
10000000,2020-05-04 13:22:13,0x8a79c65719e5b45ee011d77a24560bb22704c06560c6f079ff43c4af69f91e99,0xAb5622d7Da96c571c6aBe08e4B85E462eB666e4F,0x06012c8cf97BEaD5deAe237070F9587f8E7A266d,0,420528,350000,6600000009,7121595
10000000,2020-05-04 13:22:13,0xd7dadf7deff70b2ec0c43c1be501b38850f702a27a843eda0688dd4f653ca7c9,0xEAD16b1Ccf53A8Fec9B04388dB5f0ab4d6867BDf,0x1aBE1d973B6234875929f7D281c63bFBD6C55D42,0,99,1114290,6600000000,8072098
10000000,2020-05-04 13:22:13,0xc3b8544465bd1ff450901db0be31fed38babb1de801ded92e9bd4234db53d018,0xb881ae1C7CC3eE7642A8b590E6e380ecb6f426E3,0xD97D09f3bd931a14382ac60f156C1285a56Bb51B,0.002,3,1000000,6600000000,8224289
10000000,2020-05-04 13:22:13,0x6b9004b9c2dcbb6185919d2f7f6dbf5178dc71c53c8b7d97420a29aa1170462e,0xdE774Da29C2d70d404f04fd54905c7BB31bde0D8,0xdAC17F958D2ee523a2206206994597C13D831ec7,0,31649,59900,6545321459,8265486
10000000,2020-05-04 13:22:13,0xe5fab0493a9df1c7b15f453c7b5daf99de8fa00643444e2ce566ec0f123cbb29,0xdE774Da29C2d70d404f04fd54905c7BB31bde0D8,0xdAC17F958D2ee523a2206206994597C13D831ec7,0,31650,59900,6764825317,8306683
10000000,2020-05-04 13:22:13,0x2bb437f82bfe3107c564c8e84090b6a3b8e53031b17d808347d63e8f810a5ca8,0xc12eA2de1911f1d5D4cc484A456DD6de3271eC1c,0xc8Cac7672f4669685817cF332a33Eb249F085475,0,5,53127,6300000000,8344810
10000000,2020-05-04 13:22:13,0xa98f93cddcb9d7f22f6aaaf04933ca2976f432dd16c6de2b2edb74beb822cd6c,0x3e086996dD447E05e01D6B2B99DA14793001C5c1,0xFDA2a17aeC9ce1f4e98a9C232B7e09EBc479B71e,0.3,43,22000,6030000101,8365810
10000000,2020-05-04 13:22:13,0x6a2977a3e66cc589a423dd497eb5b695183596eeb0dfb872fc3a7b613da031cb,0x3e086996dD447E05e01D6B2B99DA14793001C5c1,0xD85A723BE781b2102E5e1B28e9875BcbdF0E1171,0.7,44,22000,6030000101,8386810
10000000,2020-05-04 13:22:13,0x16b513c1ced2677d73691bf02c7b078947401e66d96d8c0333939dd62a0cd383,0xaB1d653160cc02FB285Dfc4CD3F25AaEf643477F,0xa57Bd00134B2850B2a1c55860c9e9ea100fDd6CF,0,202,143717,6000600000,8425894
10000000,2020-05-04 13:22:13,0x385125412a63d26ad34d7ee0239fb88d790861cb7c13f571188762f17ed46aa1,0xceb75f037bc6171866F17bE32BAc080c0954BD5e,0x33Ab4d5cE6bDdc4C8beF92978d815Dacb724E690,0,2016,300000,6000000001,8538697
10000000,2020-05-04 13:22:13,0xc101ab009af89d14100421a6d93a479bcc0f80f5cafa6cd1a03f79fe7eab5056,0x93d94A4a5e1d85e7E1D71926a11d4eec9a4fc3Ef,0xdAC17F958D2ee523a2206206994597C13D831ec7,0,0,100000,6000000000,8564906
10000000,2020-05-04 13:22:13,0x64d7ddf102c39257082799e72d99a30df9e61b96194a77e84cfd10b1d8677aea,0x287f571a21B28f35E499647e06c9b3136214daB1,0xa9325582C0db7B26e290619Cb080191F8FD2273C,0.002,234,45944,6000000000,8585906
10000000,2020-05-04 13:22:13,0x97590aed03a7a77cd739cc02301da56851001bc6fefa947f537ba9348304b12d,0x1F3f1e944606d76CF16812683Bb95060b473f1f6,0x4bda0fb64E1d415d4377478D247ab685D0F164BB,0.6970586773,2,21000,6000000000,8606906
10000000,2020-05-04 13:22:13,0xc256c250b8ecb04af50f6bf172b89ed49711b47b94d75e3e674c3d806e772f8f,0x9eF167FA79EdC0BB3990CFD62013c27aE0F2A8A3,0x818E6FECD516Ecc3849DAf6845e3EC868087B755,0,88,780000,6000000000,8912025
10000000,2020-05-04 13:22:13,0x0355b2fd83d185dcd66747912a263d4fcdbcbe49ca0339356b2ee6f37dd32d56,0x09e80bdE912794fdbEA1e5B68B0C37A346b73cfC,0x6B175474E89094C44Da98b954EedeAC495271d0F,0,427,250000,6000000000,8956383
10000000,2020-05-04 13:22:13,0x0970f816796847911dad06200b6f7d71175187f9d47c804d5efefd9846ce0cfd,0x09e80bdE912794fdbEA1e5B68B0C37A346b73cfC,0x6B175474E89094C44Da98b954EedeAC495271d0F,0,428,250000,15000000000,8981541
10000000,2020-05-04 13:22:13,0xd1ea08832875594d8c53c7e7032221b74dd6ebd1bdbdef4725c40b4e55bc3eb9,0x12863ffd7BAc0DE393A1a432B5F01AB83b92b3BD,0xdAC17F958D2ee523a2206206994597C13D831ec7,0,0,100000,6000000000,9007750
10000000,2020-05-04 13:22:13,0xb72cfa019bd88c708931fb6a831bf78a39da57ad86d207d6ca0c8e0c21b72308,0x78085970e35fe04B6eaab1738Fab82c3b39ad397,0x91104C09a7C1317e8633ADcc47e4307c5C1d68D3,0,4056,67868,6000000000,9059618
10000000,2020-05-04 13:22:13,0x1a7cc7e3dc20898d8ff998bf55ad01bb1e42a5e469c965e421be6a727b322054,0x78085970e35fe04B6eaab1738Fab82c3b39ad397,0x91104C09a7C1317e8633ADcc47e4307c5C1d68D3,0,4057,67868,6000000000,9111486
10000000,2020-05-04 13:22:13,0x9892eb3833b77f083ae949f54f5062b8fa67fb14bc52c9ddbd3722f23d9ce912,0x78085970e35fe04B6eaab1738Fab82c3b39ad397,0x91104C09a7C1317e8633ADcc47e4307c5C1d68D3,0,4058,67880,6000000000,9163366
10000000,2020-05-04 13:22:13,0x8a71c80f3fab22e318e0ac63c87964da77190153f5025f8f01932b5902298ca2,0x78085970e35fe04B6eaab1738Fab82c3b39ad397,0x91104C09a7C1317e8633ADcc47e4307c5C1d68D3,0,4059,67880,6000000000,9215246
10000000,2020-05-04 13:22:13,0xdf4735e94328a6945cbd9299617448d6f6963d940dbb0e35bac57029b73684ef,0x78085970e35fe04B6eaab1738Fab82c3b39ad397,0x91104C09a7C1317e8633ADcc47e4307c5C1d68D3,0,4060,67880,6000000000,9267126
10000000,2020-05-04 13:22:13,0x56fedd4673b1ee0e6da0fe0dc428f6b3ad38d92575b7b4788f1bbe6b801d3358,0x78085970e35fe04B6eaab1738Fab82c3b39ad397,0x91104C09a7C1317e8633ADcc47e4307c5C1d68D3,0,4061,67868,6000000000,9318994
10000000,2020-05-04 13:22:13,0xe0b11ad27372e4c05ce24cc9717d8be6dfa9d51464ab732450b734a58a20f534,0x4A9bfCa68519F9a83C5792C14ea986B81D187416,0xdAC17F958D2ee523a2206206994597C13D831ec7,0,2,73056,6000000000,9360191
10000000,2020-05-04 13:22:13,0x763a6deb6734b2fcf6a68a627f7473dac6e8e1393a7bbd9b325bec63f10c99e5,0x4A9bfCa68519F9a83C5792C14ea986B81D187416,0xdAC17F958D2ee523a2206206994597C13D831ec7,0,3,73056,9000000000,9433247
10000000,2020-05-04 13:22:13,0x6949e79051705ea96e5b4d489a16ae3aef0b48a8a95d7a7efbee622cc19279f8,0xd5068c1E52e365a2Fa413e5201c5a6ce0a44Ea8F,0xdAC17F958D2ee523a2206206994597C13D831ec7,0,14,60000,6000000000,9493247
10000000,2020-05-04 13:22:13,0xeaba48c29f5db11f9044eddae68869fbdb3058ef4bec4d21fb0b98f2025d6fae,0x61f60a83fFB2cF67f6f9a1Be1724A1e22e605622,0x8E870D67F660D95d5be530380D0eC0bd388289E1,0,3,90352,6000000000,9536380
10000000,2020-05-04 13:22:13,0x77ef5d812f895ccadd87d6bd513e5b3f18b7d25cd4c4f889bfdb91b051b1783a,0x639A14d93EAb6e32660D09d499Fa2CAa21b2d9C8,0x8E870D67F660D95d5be530380D0eC0bd388289E1,0,230,90366,6000000000,9594525
10000000,2020-05-04 13:22:13,0x45a80d039d880df512025ec90b5b8b9e33595b65dee18626d27745afde6ec0d0,0x5104Ab880C8cc3786aAbf7E813A56147d3C32237,0x2c702D98d4D7e2aF742F071c2038565B1cc07bEf,0,25875,38701,6000000000,9633226
10000000,2020-05-04 13:22:13,0x5116b1370d3e36abb51f7f5ff31d7fb82924d7bfc69bcc41952f6d23a23f0a7d,0x5a170011080F6E4696C2c8940E560bCCfe61da47,0xdAC17F958D2ee523a2206206994597C13D831ec7,0,0,100000,6000000000,9659435
10000000,2020-05-04 13:22:13,0xb6a1b228f405966d674944ea08581a65a8e3461cb8869dc00a289587779c7acb,0xa26E46d53cc0Cbc19F3f46FE933A6ecfDD2BCA7f,0x7555c3db1815973d9325bA17D6279d0bEefC022d,0.28,11,21000,6000000000,9680435
10000000,2020-05-04 13:22:13,0x96f8c529234ae5007fc768eeca8916bb188ecd185d8e3ad0b51c8f37f192d14f,0x04EE281e6A6f2f987aA01B856654556F9172755D,0x3958B4eC427F8fa24eB60F42821760e88d485f7F,2,277,132921,6000000000,9799713
10000000,2020-05-04 13:22:13,0xdce086015c3651dbd6839f5de94b5a40d1b558115bfc1b7322c9b34376bcfbe3,0x20eCA1DA8ef70079ae69d35f02C8F6d86B57De2f,0x07597255910a51509CA469568B048F2597E72504,0,0,77701,6000000000,9836514
10000000,2020-05-04 13:22:13,0x5669543299bc2b3c50b566f51176895fa2f9a48cefef597c49d110e0c91bb6a3,0x8b6FD247c940D1a8b44BAeB918Db74195F956cc1,0xf93501385BdE9305C6a36E13D0Ee499B01574338,0.035,190,21000,6000000000,9857514
10000000,2020-05-04 13:22:13,0xf9084755ea9905d54a61b1109626ad3de5e8c2edf3b9f7a42831037ace6f2456,0x9C43D6a63F7FD0AE469Ec0aeda2a90Be93038F59,0xdAC17F958D2ee523a2206206994597C13D831ec7,0,0,100000,6000000000,9883723
10000000,2020-05-04 13:22:13,0x570f05aa967fa55a8927379ee6be5137e6368d4504ad334d4c5f6af772ec83e1,0x2d0966cFc198190f37179f072C63f464f36c7da5,0xf8A4d3a0B5859a24cd1320BA014ab17F623612e2,0,113,65003,6000000000,9916470
10000000,2020-05-04 13:22:13,0xc070827336db77688c37a5c2685a60832995e0a339050d63e57e8cca6630656e,0x2d0966cFc198190f37179f072C63f464f36c7da5,0xf8A4d3a0B5859a24cd1320BA014ab17F623612e2,0,114,43429,8000000000,9949867
10000000,2020-05-04 13:22:13,0x5a4bf6970980a9381e6d6c78d96ab278035bbff58c383ffe96a0a2bbc7c02a4b,0x8A9d69Aa686fA0f9BbDec21294F67D4D9CFb4A3E,0xd69B8fF1888e78d9C337C2f2e6b3Bf3E7357800E,2,47,21000,6000000000,9970867
10000001,2020-05-04 13:22:16,0xf0f130260f106357ca71704d9fce230e8da8b7d0e1403ee49d5c4707834ad713,0x5BCbdfB6cc624b959c39A2D16110D1f2D9204F72,0x98EFff25e37317C58e56Aa90AA2Bc9Ee2CA54d54,1.262,52678,300000,100000000000,21000
10000001,2020-05-04 13:22:16,0x266aeac0134dd7a73824adfb7422f756ff6833b79f2fac2ad2375d6a3c153148,0xB9C764114C5619a95d7f232594e3B8dDDF95b9CF,0xdAC17F958D2ee523a2206206994597C13D831ec7,0,77511,120000,65000000000,62185
10000001,2020-05-04 13:22:16,0x5512f4337c77713339076c518bda7c22d7867231011c4001d41f7a469ec57507,0x18551F7FcA6B09266A8128358b073c829A22fEB4,0x267F70f9B856de226FEa5FC1B0a8E319c72CEff5,0.39164017,0,21000,58000000000,83185
10000001,2020-05-04 13:22:16,0x258ac285791b60fb606b5d31cc46ada97d66ce01592460cf5117a90ce2631433,0xf40D7a7ba770f296de3371a4E50Bb34F69AC7Aa6,0x267F70f9B856de226FEa5FC1B0a8E319c72CEff5,60.993782,58,21000,58000000000,104185
10000001,2020-05-04 13:22:16,0xc098f1f76e7d6dd2e52d645e2dc7f16ecdcd591512cc90ca72ac6164fc4cee10,0x3f5CE5FBFe3E9af3971dD833D26bA9b5C936f0bE,0x2aeC49e9581ECB8EE06Aa50F831aF2DD30Ec16c7,11.83997518,4304765,21000,34000000000,125185
10000001,2020-05-04 13:22:16,0x877f8d4bc090b18cd12817a60adb90a6bda17018cba0000e3fe2fe6552784e8b,0x3f5CE5FBFe3E9af3971dD833D26bA9b5C936f0bE,0x2eE9Fe78FC6487F22952617b00cE71Bdda83fEc8,0.244752,4304766,21000,34000000000,146185
10000001,2020-05-04 13:22:16,0x3e4911060c7a14ca5e4f656626ec4b9a51febac7ff9a96b52a9f029cb6b7174c,0x3f5CE5FBFe3E9af3971dD833D26bA9b5C936f0bE,0xC7B723b1D09B1BbB62A9c6A041896b8572cfB65A,26.8494,4304767,21000,34000000000,167185
10000001,2020-05-04 13:22:16,0x604536396147ad01c8574e89f89680fe92940fb9a133872d3ec0627d13c717d5,0x3f5CE5FBFe3E9af3971dD833D26bA9b5C936f0bE,0x8106dfE0E960c86D4CC4EC924DfD28A04f62c3bd,1,4304768,21000,34000000000,188185
10000001,2020-05-04 13:22:16,0x34978cf26f124774a5839f9028be42af3fd15a89b4f47cb7b140989b62f10a8b,0x3f5CE5FBFe3E9af3971dD833D26bA9b5C936f0bE,0xF55f805Ed88807Aab483Fd011CC21447F4e84134,1.03418378,4304769,21000,34000000000,209185
10000001,2020-05-04 13:22:16,0x5b3806e08b946cdddeea592f35ee6660a0d12cd71d769b539219bc927b1cbc1e,0x3f5CE5FBFe3E9af3971dD833D26bA9b5C936f0bE,0xfd6caA48a901e60E051de8734BeBEe134cD48073,82.19747,4304770,21000,34000000000,230185
10000001,2020-05-04 13:22:16,0x01ef762c0b1a39936fc0492506d7c024dc79e4c5caa94c1ded2cf7370aad7b4e,0x2B5634C42055806a59e9107ED44D43c426E58258,0xdAC17F958D2ee523a2206206994597C13D831ec7,0,1882161,111813,23000000000,271394
10000001,2020-05-04 13:22:16,0xf210a4ec2dd7790717d32ea0e7e017afd9680aa8db9ad5a18bff0399405dead1,0xFBb1b73C4f0BDa4f67dcA266ce6Ef42f520fBB98,0x1622DC17E493F9e5EF2b7FBba7E119D64726c229,1.79156133,8946256,150000,22000000000,292394
10000001,2020-05-04 13:22:16,0x9f6bb806fcf46960e70d8baa23c712aaf04cc63fe4017f96611c9af55c2a31cb,0xFBb1b73C4f0BDa4f67dcA266ce6Ef42f520fBB98,0x503EC87ACb2392547cfF13e35B753D96712dCE17,0.84912638,8946257,150000,22000000000,313394
10000001,2020-05-04 13:22:16,0x076062d466373bdf68783df99872c33f6be6a20a6ed01c996ad6a80fafdb9cae,0xFBb1b73C4f0BDa4f67dcA266ce6Ef42f520fBB98,0xADAfeCDf6aD4d627AceB6D4Fb3546A10A33E70e0,0.23481264,8946258,150000,22000000000,334394
10000001,2020-05-04 13:22:16,0x4a1cd03163cdc66fd43458e5070d231a6c5fa8426a481d040e5ed01890c75cbb,0x93126b7828a551089227f83EC32A64FB63eDAE41,0xA22c1B5320108C19dB53f58241Fd64b105562296,0.08,0,500000,20000000000,537379
10000001,2020-05-04 13:22:16,0xc52e02c718a601cb34293fad238217abb1ad43cafe75c1f825b92ee1f8679fcc,0x5D79A46abEAdE3ee458c95437a677C4F18Be619d,0xdAC17F958D2ee523a2206206994597C13D831ec7,0,1191,41209,15400000000,578588
10000001,2020-05-04 13:22:16,0xfc80de5a3b766eece5c5a7f7858a9d537a8fefa8186c71fa7766a2bae939b816,0x876EabF441B2EE5B5b0554Fd502a8E0600950cFa,0xA0b86991c6218b36c1d19D4a2e9Eb0cE3606eB48,0,766632,90000,15000000000,621613
10000001,2020-05-04 13:22:16,0xff17428a6cbb15dbe8e43d6ed9dbb48c8d138bdd39850fad8453e6cbe8792a6d,0xc6bed363b30DF7F35b601a5547fE56cd31Ec63DA,0x514910771AF9Ca656af840dff83E8264EcF986CA,0,10729,100000,14000000000,658190
10000001,2020-05-04 13:22:16,0x8a38d2a2de4821f6d13d393c364fced4b0280dc66976cd43b7f9c3dd4aeebae6,0xCF07D97889f1b2c2BdD8c2C91B0a639F867B00A2,0xC04a5416307510933e3f887584258916b2F8A353,1.99660577435,72,171936,13500000000,827861
10000001,2020-05-04 13:22:16,0x1d55903a0daabeac15207eced6e0471baa58357c6ac78f7c631537f2bbc970fd,0x1A79b8BFcd0e74fd2306c02D88c892B67df80DC4,0xdAC17F958D2ee523a2206206994597C13D831ec7,0,0,120000,12000000000,854070
10000001,2020-05-04 13:22:16,0x3423dd9fe54ac3aae5bb933d15afa0582d8ec2bd311c7c2eeb6c2986f4d826e0,0x9e4cdbE7fc3faBf3eD9371F177197C119232DB68,0x7Be8076f4EA4A4AD08075C2508e481d6C946D12b,0,445,219005,11000000000,1047524
10000001,2020-05-04 13:22:16,0xc789dcb03ee3e3bfe838edd0f9f636b190e80ec82aa06c46e18500109dbb7e2f,0x7f2979cACEEda12c708eBb7599FB9901F7a4Bd90,0xc68b5D7d31993A8D53512da7bd4a63e64d096497,0.0084,49,32000,10800001235,1070444
10000001,2020-05-04 13:22:16,0x44cb6bf0e0a5d3252f980b10daac7f6bb3a62729ee4819f394a7c215aef212e5,0x10d8F6ADEE7d5D846609876449Bb8443Be1D3fb7,0xdAC17F958D2ee523a2206206994597C13D831ec7,0,380,60000,10800000000,1126653
10000001,2020-05-04 13:22:16,0x8d9107b1e4994a56faf7a72f30a9132438c07c19074c5c5ec591e2f12b3f5366,0x6e8E5d8DF1B59495577A5b0E861BAd2339a9E6f8,0xE62E6E6C3b808faAD3a54B226379466544D76Ea4,0,448,80000,10800000000,1191068
10000001,2020-05-04 13:22:16,0x0384e462b8b52b1dff90d8695c08489795a8d53c18c8183438d66dfdd164336a,0x6542625c003019Eabdf3E1a2B2B67a6608E55EF2,0x4010F529605bD6e04f3F23D27B57B428a46a497E,0,17472,5000000,10000000000,1217740
10000001,2020-05-04 13:22:16,0x50c6c1ca889931f78f4f8b0af38150dffb2a030e9fd74c6900c9d6000bbcb05c,0xd0808Da05cc71a9F308D330bC9c5C81Bbc26FC59,0x0000000000085d4780B73119b644AE5ecd22b376,0,22943,165000,10000000000,1255194
10000001,2020-05-04 13:22:16,0xee539249fa981827eb6c1375e0931929c30047ccaf501d59d473da2490821716,0x0AEF7B88bF3bB98C1BB9C77d8780249f877E4AEc,0xd9E24d0f97AB29d23734d5122f87e333A371321b,0,186152,60000,10000000000,1291690
10000001,2020-05-04 13:22:16,0xe85048bfe2590244924697490576cf6fbc77dfd7393dcf2a88c8f662e9f7ab68,0x3F9CE932C01F0d2ff3E248338Edd1260d5a5F452,0x794d28aC31bCB136294761a556b68D2634094153,50.93979,149,21000,10000000000,1312690
10000001,2020-05-04 13:22:16,0xdb331f43cc1d2ec22ca1ef6861c4386d2d41648fa27b084ac64dbbeeb974bab3,0x901998E910410ba42f644d267044845cc1BEFd1F,0x794d28aC31bCB136294761a556b68D2634094153,4.54799,36,21000,10000000000,1333690
10000001,2020-05-04 13:22:16,0x969af864f56609cb336e068ea866e6ed946a8690060f99ad472e4dc24b03099f,0x1bF86B2D62b2a8C91302510DF2e0ad8E028a9356,0x9114569F86F6aeb0FcE6fe1B07B351f84de7cf33,0,4936,100000,10000000000,1372982
10000001,2020-05-04 13:22:16,0x038e3df98eefde5bd63fe5af7ba3e77ccd78f3d4ace0227579aeb828f6b95513,0x9b3d3fd8E1938e27b58277A68E01395dBC893b0E,0x0577a79Cfc63Bbc0Df38833Ff4C4a3BF2095b404,0.99329,7,21000,10000000000,1393982
10000001,2020-05-04 13:22:16,0xa6e3c086acac7cd5f6433676611350427ac328f271ae3cbb6db9c28ee74c7f52,0x256D56f3911F3B453d957e7a1d8DE002E856e6aa,0x58c2cb4a6BeE98C309215D0d2A38d7F8aa71211c,8.15739,1,21000,10000000000,1414982
10000001,2020-05-04 13:22:16,0xf910e0f347362182460b9613b4cb5bfdf0d627ae08a7dfc64416fdd8c5bce715,0xE274e4fEE1AeE1Ad45A7CBe55504d819C66359E3,0x7cF4241ce1377FC8E55Bf29554C554F810b369e0,0.034,51,21000,9000000000,1435982
10000001,2020-05-04 13:22:16,0x4aa1db27c534bbaa5f064ef79980723c12062a9cc1aecb58ac848b14b46a88fe,0x42215ace06dB4e2b7001D082bff0420c661eCbbb,0x15c20C26ba6C4c471de3f76620B71a21Bd0E7F38,0.00088,127581,90000,8800000000,1456982
10000001,2020-05-04 13:22:16,0x6e8da3150cdd748dcf8f873ea8ad4bc7e1d2d783d83a663bff08a9738e847d1e,0x42215ace06dB4e2b7001D082bff0420c661eCbbb,0x9DBFfAfC84a566327380A0990203FD9506089f80,0.00088,127582,90000,8800000000,1477982
10000001,2020-05-04 13:22:16,0xe3f62343068b2eda572904d33e46407718be5eb2c78896065d5bb04e3ebbb576,0x42215ace06dB4e2b7001D082bff0420c661eCbbb,0x36fC3317A60C056E3104124d896687913c862e02,0.00088,127583,90000,8800000000,1498982
10000001,2020-05-04 13:22:16,0xb1c5a85c45e7eb84d2bcb078a2978589c8292cb0857da1cd78e7c22af3af585b,0x42215ace06dB4e2b7001D082bff0420c661eCbbb,0xE92811bcF808202ECae5BEb285E7af1E89D33F20,0.00088,127584,90000,8800000000,1519982
10000001,2020-05-04 13:22:16,0xeddc8376268560ab60cedd35c996c51f3bfeecce10af1e254336110ab83f6d34,0x42215ace06dB4e2b7001D082bff0420c661eCbbb,0xEbB2d6DD1A57b1c30D96468336325C0281502E61,0.00088,127585,90000,8800000000,1540982
10000001,2020-05-04 13:22:16,0xf37f5eddab31b61ef9460f4cc98a7e8b809b7a91f26f77dd7bd28a377bc7a758,0x42215ace06dB4e2b7001D082bff0420c661eCbbb,0x8A7cC082792aFe80Bc6009577221dc0B40f802Ad,0.00088,127586,90000,8800000000,1561982
10000001,2020-05-04 13:22:16,0xb3e685da4ddca476c29617827bf09db0112b0329bcbfac2d3a9f59cd6677dd31,0x42215ace06dB4e2b7001D082bff0420c661eCbbb,0xd04B55102349C134b11313C8bA31e3d2EAc77984,0.00088,127587,90000,8800000000,1582982
10000001,2020-05-04 13:22:16,0x7fd534b826b11e0874d368875edfb736b8dea60f566ca67a41468bea96f46312,0x42215ace06dB4e2b7001D082bff0420c661eCbbb,0xdAC17F958D2ee523a2206206994597C13D831ec7,0,127588,190000,21000000000,1639167
10000001,2020-05-04 13:22:16,0x2b2751cb68a66f70869ac08ef807e70ab9940a99f302a674b7495becdf9270f7,0x42215ace06dB4e2b7001D082bff0420c661eCbbb,0x8D30Cdf333C15e4A0009A1cd8a6dDa7C087E372D,0.00088,127589,90000,8800000000,1660167
10000001,2020-05-04 13:22:16,0x20370c53c619293f3e4982ec12eacd59676f06d8b0eaddd9e29ad690eda8280b,0x42215ace06dB4e2b7001D082bff0420c661eCbbb,0xdAC17F958D2ee523a2206206994597C13D831ec7,0,127590,190000,21000000000,1716364
10000001,2020-05-04 13:22:16,0x2014b14f71dc4cb0da4ba30f043a5d6756ea0a1464e597133f637f65a69a9193,0x42215ace06dB4e2b7001D082bff0420c661eCbbb,0xf7cA811cC9AD3262A6747eDaEF18c23dfa1470ba,0.00088,127591,90000,8800000000,1737364
10000001,2020-05-04 13:22:16,0x6e6afbac9d826d6c56713d0e0b38bc22f76dc5e18b35923c7f33670089d82d19,0x42215ace06dB4e2b7001D082bff0420c661eCbbb,0x9e9801BACE260f58407C15E6e515C45918756E0F,0,127592,190000,21000000000,1789516
10000001,2020-05-04 13:22:16,0xf526d4f6494da6c7e9c926f7335032dadc4cbc416b5a51ecbd8c975153524971,0x42215ace06dB4e2b7001D082bff0420c661eCbbb,0xaDE1b3b9a06FcF616F75C1E94d56c9662e3838B2,0.00088,127593,90000,8800000000,1810516
10000001,2020-05-04 13:22:16,0xa26b22eab6325cfd6ab5f15eeeebd1b0bb9d59a082aaebab27c3f969ce1b71e7,0xB70E8BE1049DCfB3D319bBc768Dd355f32ADa55B,0xdAC17F958D2ee523a2206206994597C13D831ec7,0,1868,60000,8789062649,1866713
10000001,2020-05-04 13:22:16,0x91b6a544e9a184b1f88a156e6f8ce7d1e8e40c9be73edc85a4c0447b24919aad,0x84bb9D792b6225CFa086CbC589aA442643218F82,0xFf8E926D0d92B5da930F5534a79E5B821f719F8A,0,21,98601,8000000000,1899580
10000001,2020-05-04 13:22:16,0xdc393ce3af4e07eb458948ce727ec9377d6f69c3b9d807cd747fb92cee5a3ede,0xBE65072aae7ca8D43615d4caaEeD8764f5208e61,0x8A91C9A16cD62693649D80Afa85A09DBBdCb8508,0,444966,2000000,8000000000,2235164
10000001,2020-05-04 13:22:16,0x968cc1f5c29ff1c19e513e5e2eedf2bb3df52c15c0823e4d0d3639a1c169b5ae,0xBE65072aae7ca8D43615d4caaEeD8764f5208e61,0x8A91C9A16cD62693649D80Afa85A09DBBdCb8508,0,444967,338745,8000000000,2421798
10000001,2020-05-04 13:22:16,0xf04e6d084e916841cf9d79bd296fb3aec8413e234c6d97650e087e7920e94816,0xBE65072aae7ca8D43615d4caaEeD8764f5208e61,0x8A91C9A16cD62693649D80Afa85A09DBBdCb8508,0,444968,478354,8000000000,2691533
10000001,2020-05-04 13:22:16,0x1babd73c1b4d3fba6b22e15f8527a479fd14abd85cf75e614b3b79a8015e6b75,0xBE65072aae7ca8D43615d4caaEeD8764f5208e61,0x8A91C9A16cD62693649D80Afa85A09DBBdCb8508,0,444969,407643,8000000000,2934178
10000001,2020-05-04 13:22:16,0x81b82da7e5f9eaf1a9eda8e19fb8acf625296d770e3c03f19dd7b9799aebbffa,0xBE65072aae7ca8D43615d4caaEeD8764f5208e61,0x8A91C9A16cD62693649D80Afa85A09DBBdCb8508,0,444970,313545,8000000000,3105812
10000001,2020-05-04 13:22:16,0xfb6a156f213aea3227f925c3331091e81db7ae23c0a906e5bffae7815752b5bf,0xBE65072aae7ca8D43615d4caaEeD8764f5208e61,0x8A91C9A16cD62693649D80Afa85A09DBBdCb8508,0,444971,81036,8000000000,3154048
10000001,2020-05-04 13:22:16,0x4dec0d6682e6bfcf753e0af3187492e5a621951edbc4522302a41718baf623cb,0xBE65072aae7ca8D43615d4caaEeD8764f5208e61,0x8A91C9A16cD62693649D80Afa85A09DBBdCb8508,0,444972,262200,8000000000,3295120
10000001,2020-05-04 13:22:16,0x9c46d2de4cf68aa0bfe56773e8069f5125629f5a9014689041b15dd2c7e7e020,0xBE65072aae7ca8D43615d4caaEeD8764f5208e61,0x8A91C9A16cD62693649D80Afa85A09DBBdCb8508,0,444973,300844,8000000000,3444194
10000001,2020-05-04 13:22:16,0xcab4553cf261ac037ac7ebc8c080d04dfc02731778952420101ed0e011e7ee53,0xBE65072aae7ca8D43615d4caaEeD8764f5208e61,0x8A91C9A16cD62693649D80Afa85A09DBBdCb8508,0,444974,338822,8000000000,3630874
10000001,2020-05-04 13:22:16,0x256c9e95bcc611e9c98897fb186f47eeb2cd0c27285616fcf5a27796c7f542a9,0xBE65072aae7ca8D43615d4caaEeD8764f5208e61,0x8A91C9A16cD62693649D80Afa85A09DBBdCb8508,0,444975,478448,8000000000,3900665
10000001,2020-05-04 13:22:16,0x4d450981a025bc9e583b50bd11d9bfa005aa9e7a66833e2aa2a21c7201efabe3,0xBE65072aae7ca8D43615d4caaEeD8764f5208e61,0x8A91C9A16cD62693649D80Afa85A09DBBdCb8508,0,444976,599355,8000000000,4242424
10000001,2020-05-04 13:22:16,0x3711edcca166e7ef06727e60d960f83df997fca6b93330a783dc945bca386a4f,0xBE65072aae7ca8D43615d4caaEeD8764f5208e61,0x8A91C9A16cD62693649D80Afa85A09DBBdCb8508,0,444977,660404,8000000000,4605522
10000001,2020-05-04 13:22:16,0x58b5002852a26f024ccb5176764fa810b34b0f94dd4acfd9e52e5a85c89ec882,0xBE65072aae7ca8D43615d4caaEeD8764f5208e61,0x8A91C9A16cD62693649D80Afa85A09DBBdCb8508,0,444978,2000000,8000000000,4941106
10000001,2020-05-04 13:22:16,0x2ec118ce05a532011cf65949ab4e13f9c0e0610c3cf6908aab678de246e888c7,0xBE65072aae7ca8D43615d4caaEeD8764f5208e61,0x8A91C9A16cD62693649D80Afa85A09DBBdCb8508,0,444979,2000000,8000000000,5276690
10000001,2020-05-04 13:22:16,0x59b5f1d081623786a68c4f8175818421d14337bf357c62e9772b9d8e9ebb6379,0xBE65072aae7ca8D43615d4caaEeD8764f5208e61,0x8A91C9A16cD62693649D80Afa85A09DBBdCb8508,0,444980,2000000,8000000000,5612274
10000001,2020-05-04 13:22:16,0xa7eb26d4ab7529bb0a42aaa559bbbb83a5b94dd71e7d5d8ca2842fa779a2c397,0xBE65072aae7ca8D43615d4caaEeD8764f5208e61,0x8A91C9A16cD62693649D80Afa85A09DBBdCb8508,0,444981,2000000,8000000000,5947858
10000001,2020-05-04 13:22:16,0x16e9e6597a4da21e24d07e89324d59e52d8dc67c8e42a1071ee1f66a7e1eb94c,0xAA7a8Cb0d83E93dA0CE95E6d8aC14FD7bF30e394,0x8c42bd583C65e524a74E8f26844641F099B6d922,0.000334548513396908,557,200000,8000000000,5968858
10000001,2020-05-04 13:22:16,0x2e3385286db2e71323f31d32347036df10ccdc2195eb1f35c81995ad10a22209,0x68A1e07aC7850C3F10c00bf443A1bAD6835b4B47,0xab749b18958ac74c06f5BDE267bA59d7F08b1330,0.07553657,309,21000,8000000000,5989858
10000001,2020-05-04 13:22:16,0x9f6a5de850ce853b0da093bfe9cb87b94ec69ff0b9cab53a7dc1158a1e18a3ff,0xC0cC62cC6f12F4344934573367C3823CCaaf89a4,0x9C6E6e963460Cc027A33744248A177727900a4B8,0,5668,237845,7819999998,6140678
10000001,2020-05-04 13:22:16,0xa60ab5ff021e6395763c5e92deba4b4ad34bb11623b995729e2e266f682312f7,0xC0cC62cC6f12F4344934573367C3823CCaaf89a4,0x9C6E6e963460Cc027A33744248A177727900a4B8,0,5669,237845,8992999997,6291481
10000001,2020-05-04 13:22:16,0xbe201fb0ba0f9cef8f27f0f325dbae5e9e8817892fc8e2dbcda7d464dbc73651,0xE47A0d7d0262DE638bEc0dccAd4e3Ef8b5c60572,0xc7b64e89F5d15869B094853BBC6D34F0bFeE0F99,0,41,60000,7700000233,6330567
10000001,2020-05-04 13:22:16,0x21a75db817290b7fae3e69e153e88a2ec0b3ed50ce43bcba675ca0e09b3b3fd5,0xC85cf4dDf77104741d7EB1d4199bB5c9759BdBE8,0xdAC17F958D2ee523a2206206994597C13D831ec7,0,5353,41209,7700000000,6371776
10000001,2020-05-04 13:22:16,0xcc90da9dd827908e2d2a99525e7c8b1983ed82d00693b7a1180ded3fc4888876,0xB92d4059dAc2Db0E2EAAa7062e18C8F8DFd2b593,0x93De5eCEF1f15d1581acE6166404ec47D8bA5bFF,0.0015,26,21000,7000000000,6392776
10000001,2020-05-04 13:22:16,0x8d8e033cd94446b4bcfab29fdc8ea202ec7b57cbf86e5a9f9fb3d76edd28bac1,0x90d09dB3Ed3e6C8b4f169e7620EC32fEC0F86410,0xdAC17F958D2ee523a2206206994597C13D831ec7,0,2569,60000,6600000144,6448973
10000001,2020-05-04 13:22:16,0x3ae3a9d62b521bfed97c71764bc0aa04d5120df6fbdcf634681fd58e54a4ddfd,0xDff3dCEd4b58030F28134d70E58759aDA95D338F,0x91c4B0CFc5eAc8B8C5fd953ae9FBc707b520A7d6,0,17,60000,6600000144,6501454
10000001,2020-05-04 13:22:16,0x22a22aa4634caf9ed5cd03b44aaa69153b496f5c493bda0724774028df75cf7e,0x623E9429A8d081B545B0364a840b5289790909f2,0xdAC17F958D2ee523a2206206994597C13D831ec7,0,83,60000,6600000144,6542651
10000001,2020-05-04 13:22:16,0xe81aec0c38577c42cf18c4ce1d03a713c7ab2bf1ad4081920242a57e5da9f7ea,0x6e8E5d8DF1B59495577A5b0E861BAd2339a9E6f8,0xE62E6E6C3b808faAD3a54B226379466544D76Ea4,0,449,80000,6600000144,6607066
10000001,2020-05-04 13:22:16,0x9d05d6c8a4770f6ed3d84989b0f1582a331054980bd8d48c9206c28c72c233b6,0xA4e7918fb5F4a8c12f9513b193bE1d764d5757Dc,0x01AAc5236Ad205ebBe4F6819bC64eF5BeF40b71c,0,7564,274077,6000000000,6785642
10000001,2020-05-04 13:22:16,0xe95c791afdb36e590687ebcd0d2b56b768e04412a4ea842c4878f6948de493db,0xA4e7918fb5F4a8c12f9513b193bE1d764d5757Dc,0x01AAc5236Ad205ebBe4F6819bC64eF5BeF40b71c,0,7565,297256,6000000000,6987397
10000001,2020-05-04 13:22:16,0xf4dfcfb7f4b99f3f024923905d39381e8a98815c8230c10c23264a034cf5b9aa,0xfa6992062422789994538Bf9ad19C176DAdf68c7,0xbCF935D206Ca32929e1b887a07Ed240f0D8CCD22,0.03,0,275641,6000000000,7171158
10000001,2020-05-04 13:22:16,0x9c441eff60bc71ec7d97e1504dffdeb810096ce2efbe965cb810da81836c826c,0x686ae85Ee613d007d704FF000639D91065bd2A06,0xdAC17F958D2ee523a2206206994597C13D831ec7,0,0,100000,6000000000,7197367
10000001,2020-05-04 13:22:16,0xf0fff35e6b05da309f2df1eff2ebbe0c88c79d257fc57f94eb41eac66bba6034,0x223716C5aa5fd892c0dAff1f24D4531272E8B12d,0xbc0E164eE423B7800e355b012c06446e28b1a29d,0.008,1078,1458226,6000000000,8169518
10000001,2020-05-04 13:22:16,0x3a2d7a1afc4d495aad93be3d5b8ca90d66395557c09529930ca6d3fc2e2227a5,0x3E190F22f0323CE66B3B3339f4b6E5a1B49BEF79,0xdAC17F958D2ee523a2206206994597C13D831ec7,0,0,100000,6000000000,8195727
10000001,2020-05-04 13:22:16,0x47986d0af7a16188e118f1d0a80a204afb3747e35792e3fa761df6ef47a5ebd0,0xE2FbEc810153E5D7B1d147BC9CD43F8C67B35800,0xdAC17F958D2ee523a2206206994597C13D831ec7,0,0,100000,6000000000,8221936
10000001,2020-05-04 13:22:16,0x62ebd19dc1c0cecb1adca70ec50b9c840226afca39941b90a92b3c01ff6faaf9,0xda40cAeE3B5035f2A813F02A9f73337e288568Fa,0x134053CAB7513cF2f2DdBb5f71550403Ab557Dd1,0.001,3333,21000,6000000000,8242936
10000001,2020-05-04 13:22:16,0x907be1cf16012ec798cb25656e45ac81666f7fed7fc758a18bb797f7224c6f53,0x10895e08c519C3827C6AeEce21d3D32e0925397A,0x2FB5d7DDa4f1F20F974a0fdd547C38674E8D940c,0,252,107497,6000000000,8305433
10000001,2020-05-04 13:22:16,0xced14f5f2d4790060f919f61f4e87def9c86997643024183b0206f92d62342b5,0xC35101542110d3Be9825a814e39aF48aFEFd538e,0xC35101542110d3Be9825a814e39aF48aFEFd538e,0.001,0,45958,6000000000,8326433
10000001,2020-05-04 13:22:16,0x3a7541f62bd67f533a9c6fc2d1b06d87e91aec4899c68813584683139888c500,0xCB8fdde895e81F869a8D2893195d749decf052Fa,0x11C59933f71bbfabC17f11FB949fC7309036789B,0.01991578,7,21000,6000000000,8347433
10000001,2020-05-04 13:22:16,0xfb8467458f681688bcfd6857f6f2c7983a6385ad8209b25ccc84659f102581c4,0x685B5623dB05E2298Ad745124E425E5C8C687EDb,0x11111254369792b2Ca5d084aB5eEA397cA8fa48B,0.09,162,590356,6000000000,8514805
10000001,2020-05-04 13:22:16,0xdb5cd343701accadb8ac7c23c9023c847bc72d7c8a49071c0443dd22dba9f581,0x440F287924E112597E6c1d020C4Bca9040fd64Ec,0xdAC17F958D2ee523a2206206994597C13D831ec7,0,0,100000,6000000000,8541014
10000001,2020-05-04 13:22:16,0x18550f7df8904b3a8f88596f4879b08a26937e47303be84ec4c96eb68feef1d6,0x81924C41746E1fd8085014d9de1840E5a4B1E64F,0x98AD263a95F1ab1AbFF41F4D44b07c3240251A0a,0,40,200000,6000000000,8588559
10000001,2020-05-04 13:22:16,0xd65788bdc3cfb2d02c673a4cefe8971ca184d2712924d0902d6db70e8d4a8047,0x7Ae7073419c3dc3c32b69F92a319E4b02170538D,0xfc858154C0b2c4A3323046Fb505811F110EBdA57,0,490,79203,6000000000,8626361
10000001,2020-05-04 13:22:16,0xb562b7995ce2f605d49a0f13aa9878a9d5cfa8174e60c2d9936deaef05ea1fc0,0x747377078b48a0C0D213a7293F3cB375089D21F8,0xbCF935D206Ca32929e1b887a07Ed240f0D8CCD22,0.03,0,580078,6000000000,9013080
10000001,2020-05-04 13:22:16,0x03d2e3620792884916be3f76519fb26be095211ba1ba45cd8b59c3cb15ea44c9,0x2a5d40ca475294E220199086E98EC8918C367CeC,0x5E4334fD53B95dF63993c805066d693bb8CE5dFc,0,319,57906,6000000000,9051684
10000001,2020-05-04 13:22:16,0x5ef20f0b62b535a2108d1fe4231a5acc6916ddd6aeabd379d85a758a7d2f39f1,0x0ca5ae410c678c9D5D33DE110FF9Cb88571FAc30,0xbCF935D206Ca32929e1b887a07Ed240f0D8CCD22,0.03,0,371792,6000000000,9337678
10000001,2020-05-04 13:22:16,0x497a2a5cfa23091e0b24307c15bc438680f7e5a0bfea1bd3ec3aa250e8173550,0xDB5251981C9F07cBac1F936cBB78B6c761D582d9,0xdAC17F958D2ee523a2206206994597C13D831ec7,0,0,100000,6000000000,9363887
10000001,2020-05-04 13:22:16,0xc5480facb6fd879742a3cdd0489e22197bed3ed1d208568aa0e822c8ecce9779,0xfA85552ed7123d61c6351F4305C36B9B5c658172,0x05cDe89cCfa0adA8C88D5A23caaa79Ef129E7883,0.07,227,56619,6000000000,9414929
10000001,2020-05-04 13:22:16,0x4d5571bf0578ff6cd7504a57caed467a74e2d96b03b2810ad33c572de901758b,0xd6008203A02de532034c2e448a8f008C2dBa3aE0,0xdAC17F958D2ee523a2206206994597C13D831ec7,0,0,100000,6000000000,9441138
10000001,2020-05-04 13:22:16,0x69d264ddb1105b4a7d04644f13e61b4549a31f196fbe35e8ada6e3358bd792ac,0xeb8ee9b48CbE8D900D58A6ac496960e8E6880AcC,0x06012c8cf97BEaD5deAe237070F9587f8E7A266d,0.009,2306,238800,6000000000,9555338
10000001,2020-05-04 13:22:16,0x27f61d61a784bab6276ac8dd01159f03edae70da7e16bf2f868d7b90ff3392ac,0x9C29A23e6048C3f7F5888cA986F01da1e43C3742,0x3dAe53Ee778A324BD317BD270d6227406B6bd4eD,0,68,120871,6000000000,9648316
10000001,2020-05-04 13:22:16,0x8fbc646398d4b2b1d5443c1689041628c632fa726dfec332227e97cb98287985,0xcd0A706FA9bcd7f7b9cf213BfE3db14933cF9255,0x23d4a557A6D195E0F37614863Be5CF85e01EDb70,0.0066682,3,21000,6000000000,9669316
10000001,2020-05-04 13:22:16,0xc13bd949e2e7ee6bb711d49d39bdfb3eabc0308b35e8189e93883122dbd6fa16,0x5B87679dc731546B887DC60ECE4Ab55478AC4862,0xdAC17F958D2ee523a2206206994597C13D831ec7,0,47,60000,6000000000,9710537
10000001,2020-05-04 13:22:16,0xffdcae67c163131219669d2ecbc12e68af288c78d2d5744390710ae64529cb7b,0x9F74e3A7c16ca4BCe81c4696Fa55aA875637aE11,0xd69D22c132B0C3D7eFAD227DbCC17aC18fd320b3,0.0818,1,21000,6000000000,9731537
10000001,2020-05-04 13:22:16,0xf3cdefcf19c23e32a94646ea611100d7e7db77bfdcd53066160cbd45f57ca8dd,0x48F0B0727a1376C3E7c5b79628885054738deCC7,0xdAC17F958D2ee523a2206206994597C13D831ec7,0,0,100000,6000000000,9757746
10000001,2020-05-04 13:22:16,0x241c89a577a28c1bbbe37b95d57e46ebbfb0ff3e97553c3c26d20bb90d3770d0,0x30752FD30e855D801c8081E6417963aa144Ad6b3,0xdAC17F958D2ee523a2206206994597C13D831ec7,0,0,100000,6000000000,9783955
10000001,2020-05-04 13:22:16,0x2458560ef26de4ff443668b313e043a775e56d8518ea9b04f99e4c02c6654c75,0x910c22bbb4eD195ebDbe6C9e9080812B51837E75,0x84fe2A294717fB2b5fED4Abd55dd207F8E2101Ff,0.000825,20,21000,6000000000,9804955
10000001,2020-05-04 13:22:16,0xac104166c7e976e596141bcffa94964fd317aca8e47bbedcc0a82d129fdc6885,0x2d0966cFc198190f37179f072C63f464f36c7da5,0xf8A4d3a0B5859a24cd1320BA014ab17F623612e2,0,115,43429,9000000000,9838362
10000001,2020-05-04 13:22:16,0x706541c3dff7cda1ea0519b2bed446bd038b5d74893a2c0932244c89bea3c6c7,0x1350c3bCA588a0806DbB7364b23C7D535d6d157d,0xdAC17F958D2ee523a2206206994597C13D831ec7,0,3192,61795,6000000000,9879559
10000001,2020-05-04 13:22:16,0xb6eb89f025fb6208149da4e57cd0064ad7b689bf5e5222496f92506976ecebef,0xe6Fe4c288802a7f62375c596e0717cd4a69CAF5d,0xA6e76B5D1C1dc6FeE150F05a777CE25E3bd48F53,0,7995,31752,6000000000,9911311
10000001,2020-05-04 13:22:16,0x35d73138605838431a76decd467d263a7889b9fd25fbfb230b29169574614d73,0x23a50Cc8fa9B1B57732010AA24F592Cfe8aaB47A,0x6eF3344857C9a6ad60e7880a3DFbB22370C57B73,0.599953895956033984,31,21000,5626875000,9932311
10000002,2020-05-04 13:22:21,0x4bad02510103e6ea672b951a062d536ef1c0f58e679365131b267a4ea0b03ae5,0x8d6c6b8A75947AB5D0f7Fd88821c7A57E52478cC,0x8d6c6b8A75947AB5D0f7Fd88821c7A57E52478cC,1,0,21000,777000000000,21000
10000002,2020-05-04 13:22:21,0x996ac0b7e6985061919ea41de15de45798e282251675e25ceb64d4a884e9232d,0x2B8b5aAa4471b8794aCD05d9Fa62d548821C72cF,0xdAC17F958D2ee523a2206206994597C13D831ec7,0,32,59032,100000000000,77209
10000002,2020-05-04 13:22:21,0x55b50d59356f669d6c6b8a3ae66025ee98b90f19ed7edf9cfbb88faa63a75dcc,0x9B6564aB5cC18fDa0f6c452b0591D7d83a2C9d9D,0xdAC17F958D2ee523a2206206994597C13D831ec7,0,1,55556,96000000000,123506
10000002,2020-05-04 13:22:21,0x34a8ffc82a6660cf1cb0bc9d46e78549e28fb3bdd939731faf2677711dc7d1c8,0xb224C156b34930B7F30CD6945515e7882Fde8742,0xC098B2a3Aa256D2140208C3de6543aAEf5cd3A94,3.797984,1,21000,96000000000,144506
10000002,2020-05-04 13:22:21,0x3e5f771507be318c255acf3cb3e51d9d088c19654ffb521fdec702c5db357499,0x2FAF487A4414Fe77e2327F0bf4AE2a264a776AD2,0xdAC17F958D2ee523a2206206994597C13D831ec7,0,129489,50767,96000000000,171812
10000002,2020-05-04 13:22:21,0x52c02bb5a0bd7bfe2540e37c2796b509adc4e44f7741b18f781a4def1c7fe857,0x6D27Da2F6334a3f2C6e8f4E0Eed17916F3B7D440,0x5D375281582791A38E0348915Fa9CBc6139E9C2a,0.38898158,0,21000,76111481680,192812
10000002,2020-05-04 13:22:21,0x8a4bd3a6177f88e5a5fa0ab1738f9f4db4878f5c7d239c5ca79836d21249c854,0xC7B723b1D09B1BbB62A9c6A041896b8572cfB65A,0x267F70f9B856de226FEa5FC1B0a8E319c72CEff5,26.8585883,478,21000,57700000000,213812
10000002,2020-05-04 13:22:21,0x4392c0297d2501162de40ee152ef5196814ec65384e5bd6a86ff8d14d0c3676a,0xE55e2Ba9336283169F839dB5bA161C5c2248226A,0x267F70f9B856de226FEa5FC1B0a8E319c72CEff5,14.872957725888472,15,21000,57611148168,234812
10000002,2020-05-04 13:22:21,0x948fa098ca701ea96a0574155d50da9ed307c45b2ab5f3cfeeb43200ca34d1f1,0x8D3F5EA26646C0A60872adC9249D0cEC9e547ec0,0x267F70f9B856de226FEa5FC1B0a8E319c72CEff5,0.344411805888472,0,21000,57611148168,255812
10000002,2020-05-04 13:22:21,0x2ee2bcea78e71087422c8f52913feccb43edefbe86508b31ecdd5191118f86a0,0xCABDa7c04a240498636Ee0e535e0596B504c66d2,0xe40eFE3592F826ED2F54374241EAeFc1Fe45F80B,0.38,7414,21000,57611148168,276812
10000002,2020-05-04 13:22:21,0xcab6338df96c2d1c85523f070983d4c39b91f58e698e59c8086d10708d8b59e3,0xb09235D51D50Fe9d3ED6cDf8fe5bdc1BcA0dB7ED,0x267F70f9B856de226FEa5FC1B0a8E319c72CEff5,4.853497605888472,0,21000,57611148168,297812
10000002,2020-05-04 13:22:21,0x867321f07889f5ca4eff89fa477e31240799436e8e864de49bbcc5405c588ad1,0x9bfA44a1F39d4c3A9eb27Fcd061ac367b20580F8,0x267F70f9B856de226FEa5FC1B0a8E319c72CEff5,0.948790165888472,20,21000,57611148168,318812
10000002,2020-05-04 13:22:21,0xf1cdc9b0dfe6ec62ca9df9a9f778825329406ece9ab77caed9535ab2d6f16b76,0x46f02ecE37C7DD35272CcBc4c397429cc3b95Ff1,0x267F70f9B856de226FEa5FC1B0a8E319c72CEff5,1.658836335888472,12,21000,57611148168,339812
10000002,2020-05-04 13:22:21,0xe3cca8bcb94771cf5bdcfa98a447786db5089b6c0e69b9d1f4285df7b33b9b12,0xaB5C66752a9e8167967685F1450532fB96d5d24f,0xdAC17F958D2ee523a2206206994597C13D831ec7,0,736749,140000,51000000000,396021
10000002,2020-05-04 13:22:21,0x282127f1332df1a7aa4dce5eb203618fdf845fb5af97894a90fd6dfda83aa1a7,0xaB5C66752a9e8167967685F1450532fB96d5d24f,0xdAC17F958D2ee523a2206206994597C13D831ec7,0,736750,140000,51000000000,452242
10000002,2020-05-04 13:22:21,0xf310526f78e029b4e33941f5ac073d71974288b783c9b8f8b5d3bffab4edae87,0xaB5C66752a9e8167967685F1450532fB96d5d24f,0xdAC17F958D2ee523a2206206994597C13D831ec7,0,736751,140000,51000000000,508463
10000002,2020-05-04 13:22:21,0x7df24671963c936a5bb218610108dc5ef09fa9176b702ace57e7410bbeda4acf,0xadB2B42F6bD96F5c65920b9ac88619DcE4166f94,0xdAC17F958D2ee523a2206206994597C13D831ec7,0,603570,140000,51000000000,564648
10000002,2020-05-04 13:22:21,0x5570e9cbb1fc2dbca6458c1d61e720beab7df141b938ecec659c2604c88172b9,0xE93381fB4c4F14bDa253907b18faD305D799241a,0xdAC17F958D2ee523a2206206994597C13D831ec7,0,599437,140000,51000000000,605845
10000002,2020-05-04 13:22:21,0xc764cc3740c385eb27c78de03e28b1e7cd26d820627a72ab78b3da4124973c30,0x1062a747393198f70F71ec65A582423Dba7E5Ab3,0xdAC17F958D2ee523a2206206994597C13D831ec7,0,711731,140000,51000000000,647042
10000002,2020-05-04 13:22:21,0x0a6163d51b6b34a46ea4990ddbda04a83cf7c468e274b09429b9014b50e12ae5,0x0577a79Cfc63Bbc0Df38833Ff4C4a3BF2095b404,0x0547461746dB4E06DEc0A7DFd65b538EB8b1D16A,7.495,13127,90000,51000000000,668042
10000002,2020-05-04 13:22:21,0xcaa7a837303c885634e750878e0729463c47b7583317529b8c7effe068a11777,0x6748F50f686bfbcA6Fe8ad62b22228b87F31ff2b,0xdAC17F958D2ee523a2206206994597C13D831ec7,0,748921,140000,51000000000,709251
10000002,2020-05-04 13:22:21,0xfc4df75f7b3e0eb63a26203dea3c002ced3db80286ebb5559e2ef106896d4742,0x6748F50f686bfbcA6Fe8ad62b22228b87F31ff2b,0xdAC17F958D2ee523a2206206994597C13D831ec7,0,748922,140000,51000000000,765448
10000002,2020-05-04 13:22:21,0x7ee0d3e5b4fe9a65ac249f7e71cc428c063b20ba07c94b65457de646ad05bf97,0x6748F50f686bfbcA6Fe8ad62b22228b87F31ff2b,0xdAC17F958D2ee523a2206206994597C13D831ec7,0,748923,140000,51000000000,821633
10000002,2020-05-04 13:22:21,0xeb1d288996245d3ddd4861eba62ec83a27d1dc6df5ed63cbb300f78e56966a90,0xa2De3Be8248A0b0e60FABc836bCd57e6cB1a1D85,0x6fb2Ae872808eFe99D3db4C560074184DA2C8839,0.098123600669003699,10,21000,51000000000,842633
10000002,2020-05-04 13:22:21,0xd2c2c528ceb4bc0cda40adc824e7551bed959b1513aabc65f8e1d28bf67d7f6b,0xeEe28d484628d41A82d01e21d12E2E78D69920da,0xdAC17F958D2ee523a2206206994597C13D831ec7,0,631397,140000,51000000000,898842
10000002,2020-05-04 13:22:21,0xa9e6bc0a28caadca3af761e48f1de77597ca8e2b7e53c454c9182f858e275f38,0xeEe28d484628d41A82d01e21d12E2E78D69920da,0xdAC17F958D2ee523a2206206994597C13D831ec7,0,631398,140000,51000000000,955051
10000002,2020-05-04 13:22:21,0x6ab74c88a234d77dfc8382f7d295f2a5b75ad59ac55abd835466bf5190822ffd,0x46705dfff24256421A05D056c29E81Bdc09723B8,0xdAC17F958D2ee523a2206206994597C13D831ec7,0,624397,140000,51000000000,1011260
10000002,2020-05-04 13:22:21,0xe50149e8f898ed66ef92bf27f14fe7d4c0bb72940f8f86989d2a6f282de93d5f,0xc22Aed29d0fcf3952B6014457b3bC8e4D3062066,0x96C01fA1d6A732F7888b564453cED1cD6c1fa5b9,0.34791673,0,60000,50000000000,1032260
10000002,2020-05-04 13:22:21,0x618edcd86163a55471b6fb81097dc18a599fc95dc5643e44224e35044e8210de,0x6f0e0CDaC6C716A00BD8Db4D0eEE4F2BfcCf8E6A,0x153B5DB30F5c5A0306C5E5b0D28e4D422551970e,0.130031831756688704,7658,21000,40500000000,1053260
10000002,2020-05-04 13:22:21,0x8c1c90165c21241a54c2aa019d7cc0590f790128b8f90342ba93956ce8251d7c,0x78592FBf9dcEf8cF22037024184D8cd86b1682BE,0x966DaEd1348Fbd894BB6c404D9cddf78a9932913,0,2172,360000,40000000000,1105408
10000002,2020-05-04 13:22:21,0x71f5a2e665960ed34fba5691832741cc994cb507c1f8202fb4921bca56843716,0x66396b3C3D8446E364e805cB0E8C310dDDFF685e,0xAF88A41E4F712908e4D837BEa0bcdE88179191Ce,0.74800124,12192,90000,40000000000,1126408
10000002,2020-05-04 13:22:21,0xf794b8cec1e403ffabaf16033e3dd57cb2d0435e8001c496eb0537b777277ff1,0x103f11005A9521F5CC3D6331A2C0c441ED827735,0x966DaEd1348Fbd894BB6c404D9cddf78a9932913,0,2524,360000,34000000000,1178556
10000002,2020-05-04 13:22:21,0x3cd4aa55d023caa5fda360ae2a6462230da14e488b03f9e9b739d335f07d7854,0x3f5CE5FBFe3E9af3971dD833D26bA9b5C936f0bE,0x6c6EE5e31d828De241282B9606C8e98Ea48526E2,0,4304771,207128,34000000000,1216897
10000002,2020-05-04 13:22:21,0x213bafb962913ee79d6f1317f6581ff1f09a73e44fd198d16d5c41d4b66ebd24,0x3f5CE5FBFe3E9af3971dD833D26bA9b5C936f0bE,0xdAC17F958D2ee523a2206206994597C13D831ec7,0,4304772,207128,34000000000,1258106
10000002,2020-05-04 13:22:21,0x4bdfe53db800503251cb271c338f94dc680df47b6cdb82b9c15ebe6b0b92f041,0x3f5CE5FBFe3E9af3971dD833D26bA9b5C936f0bE,0xdAC17F958D2ee523a2206206994597C13D831ec7,0,4304773,207128,34000000000,1314315
10000002,2020-05-04 13:22:21,0xd0ce75e99da0fd5cefe39890641a7bed613fac5194f1f9ac0d73ee948baac9b8,0x3f5CE5FBFe3E9af3971dD833D26bA9b5C936f0bE,0xdAC17F958D2ee523a2206206994597C13D831ec7,0,4304774,207128,34000000000,1370488
10000002,2020-05-04 13:22:21,0xdd2a293acde002f262eda39a6bfb15d9f5cf0db18075c817cdea6762cdb98eba,0x3f5CE5FBFe3E9af3971dD833D26bA9b5C936f0bE,0xdAC17F958D2ee523a2206206994597C13D831ec7,0,4304775,207128,34000000000,1411685
10000002,2020-05-04 13:22:21,0x87b7fe036efae7c071ccaf67108ecbd94cfa4c9869f82a278298e0406f56e943,0x3f5CE5FBFe3E9af3971dD833D26bA9b5C936f0bE,0xdAC17F958D2ee523a2206206994597C13D831ec7,0,4304776,207128,34000000000,1467882
10000002,2020-05-04 13:22:21,0xd7416cd5afc81f6dfc6d406cba14b8699a4a468e56a538ea56393a818a0ee69b,0x3f5CE5FBFe3E9af3971dD833D26bA9b5C936f0bE,0xdAC17F958D2ee523a2206206994597C13D831ec7,0,4304777,207128,34000000000,1509091
10000002,2020-05-04 13:22:21,0xa0b1b396324b3ab17b7e8b084faf12bb2c5ee2888cc4dc8094062f36a45707a1,0x3f5CE5FBFe3E9af3971dD833D26bA9b5C936f0bE,0xdAC17F958D2ee523a2206206994597C13D831ec7,0,4304778,207128,34000000000,1565288
10000002,2020-05-04 13:22:21,0x848c79fb8f03155dd84df712ec0daf784cf7ee0f518417fd4743ae8cd0dd613f,0x3f5CE5FBFe3E9af3971dD833D26bA9b5C936f0bE,0xdAC17F958D2ee523a2206206994597C13D831ec7,0,4304779,207128,34000000000,1606485
10000002,2020-05-04 13:22:21,0x2aa7691cb740ca2a3c4fc71e989daa133f40aed6e077e94c86286bdd43174850,0x3f5CE5FBFe3E9af3971dD833D26bA9b5C936f0bE,0xdAC17F958D2ee523a2206206994597C13D831ec7,0,4304780,207128,34000000000,1647682
10000002,2020-05-04 13:22:21,0x1fa4d59a7300e7bb83f05e5156771ad07824e42ae5da173044e0fde6957219f8,0x3f5CE5FBFe3E9af3971dD833D26bA9b5C936f0bE,0xdAC17F958D2ee523a2206206994597C13D831ec7,0,4304781,207128,34000000000,1688891
10000002,2020-05-04 13:22:21,0x56b5218c79b429292705ba07fb8156a0ce81db61a38c1e4109bbeb977f0382d3,0x3f5CE5FBFe3E9af3971dD833D26bA9b5C936f0bE,0xdAC17F958D2ee523a2206206994597C13D831ec7,0,4304782,207128,34000000000,1730088
10000002,2020-05-04 13:22:21,0xcb819c5a0d0f9c8faea6c8d6115929e7c504006d9d0f6dec82c78c0bd69ec218,0x3f5CE5FBFe3E9af3971dD833D26bA9b5C936f0bE,0xdAC17F958D2ee523a2206206994597C13D831ec7,0,4304783,207128,34000000000,1771297
10000002,2020-05-04 13:22:21,0x7c35c86ad5235e78c7cbbd8a937bac6b46ea9b6147bc074ff45dab8120782795,0x3f5CE5FBFe3E9af3971dD833D26bA9b5C936f0bE,0xdAC17F958D2ee523a2206206994597C13D831ec7,0,4304784,207128,34000000000,1827506
10000002,2020-05-04 13:22:21,0x0651d8d0cc3d20d157906f2428a956c6b3feaaf43e9ce8c2685e323029dcfe6b,0x3f5CE5FBFe3E9af3971dD833D26bA9b5C936f0bE,0xdAC17F958D2ee523a2206206994597C13D831ec7,0,4304785,207128,34000000000,1883715
10000002,2020-05-04 13:22:21,0x826135db832336209b190c99db5856a35083f30b7761ea55875fac82ed8ecce1,0x3f5CE5FBFe3E9af3971dD833D26bA9b5C936f0bE,0x514910771AF9Ca656af840dff83E8264EcF986CA,0,4304786,207128,34000000000,1935316
10000002,2020-05-04 13:22:21,0xce9a8c38a3aa628d9c6f6e142c0069f00752de72bdd5fd7d6bd8d5fe79b552da,0x1b9e8A6caE8Dc7796cEbb40997eBC56e798E7578,0x966DaEd1348Fbd894BB6c404D9cddf78a9932913,0,3709,360000,34000000000,1987464
10000002,2020-05-04 13:22:21,0x36ff5ce586734c1e70a4a62c423e6a2c651f9ca125aa6e53d4ee0a4815ea8346,0x00D7e5eE00549EFd5E1228D98B32706555F664f7,0x912656188616e0184E3181f019022990A63280b1,0,3699,360000,34000000000,2024451
10000002,2020-05-04 13:22:21,0x9782e3b2e74df7e18ce05a00a219c9b07a78e05462243124f360cf1658deaeef,0xe05b4BDf83274545E64f4f19Db75e64E6492A3b3,0x912656188616e0184E3181f019022990A63280b1,0,2485,360000,34000000000,2076438
10000002,2020-05-04 13:22:21,0x78c818a16ef9606eac1f600b770846bf64b819c736355ab9ec80320fdc636946,0xb85a1fb66A67804A017E7B9270Db5c6c06c21A3C,0x966DaEd1348Fbd894BB6c404D9cddf78a9932913,0,3887,360000,34000000000,2128574
10000002,2020-05-04 13:22:21,0xae4da8c77e525e4175e7a0701c785d3ae3671d5c4bbebab3c93c6f9592ac1cc0,0x345a4aE3Cd1f1155088dD6F2cb12423A93B3EE3D,0xdAC17F958D2ee523a2206206994597C13D831ec7,0,3,42209,32000000000,2169783
10000002,2020-05-04 13:22:21,0x7ee79eaf9618737cc08ec98357be713de4639bd40e8b35d11de7bbcd69fd9800,0xE4b3dD9839ed1780351Dc5412925cf05F07A1939,0xDc5BeF07d4BeB44b8Dc46c95A43f86f827DFf665,0.03989658,81883,50000,31000000000,2190783
10000002,2020-05-04 13:22:21,0x0fccd2fab52b99b81740fbc217f451a5dd99b76cf377418f88d78de1bf376b9b,0x7d252ea39d152B27018D935E012e2d2bBa0d4a0F,0xF5Bb691215fd2839Bc14Aa93335e13d839A4767f,0,0,160000,30000000000,2212821
10000002,2020-05-04 13:22:21,0x5a187368bbf132f075eddbe5edf4ac75c0dc1176ee11ac857d8325af3c629a55,0xd7CaCbF2A75954bA38F862AFf47BdD13b31Cfe73,0xdAC17F958D2ee523a2206206994597C13D831ec7,0,4300,100000,30000000000,2254030
10000002,2020-05-04 13:22:21,0x8b4627f2f01d6ac5dbfcba880230da0da005ecda8cf5d6494c410d3a7c1be513,0x263b604509D6a825719859Ee458b2D91fb7d330D,0x263b604509D6a825719859Ee458b2D91fb7d330D,0,4798,32004,30000000000,2275366
10000002,2020-05-04 13:22:21,0xae61916fb75b36bc39402517fd91391bf2164dff294ab75a4830cbbd3952aa96,0xB68f39fEC3C4DcA2850B9f09cB2d32b17314D629,0xDd7698344d45e57615B7772C94aeDA044443f082,0.0027,583,90000,30000000000,2296366
10000002,2020-05-04 13:22:21,0x37ab85d3e09bc24456fda5588d8bee153c62a5f4b376489585d4be9b87733da2,0xB68f39fEC3C4DcA2850B9f09cB2d32b17314D629,0xFB6d86f05d3279e4542E38F1b9E746b01CA0AECc,0.0027,584,90000,30000000000,2317366
10000002,2020-05-04 13:22:21,0xc2031e63a46762ef67b03b7807608968536b71cd51d0288b21e6379555c18b74,0x0Ae9Ac3e3bC146561F3e253bE0Fde782b8cBA818,0xdAC17F958D2ee523a2206206994597C13D831ec7,0,0,60000,30000000000,2358563
10000002,2020-05-04 13:22:21,0x953493ff28aea84cce20c0642e7fd689ad1d812212184ce7cab71b85c3c9e9c1,0x108Fb8C18DD3Ce3A0eC957533A63ECE39750e7d2,0xdAC17F958D2ee523a2206206994597C13D831ec7,0,68463,250000,25000000000,2414748
10000002,2020-05-04 13:22:21,0x5ac208d02ecf2176c8134b23343f8056dfe6d79880f4c49f2eb693f9a830a5d9,0xFBb1b73C4f0BDa4f67dcA266ce6Ef42f520fBB98,0x5ee697c04b514Cf9460BbcfbB4BE3d63414fc008,0,8946259,150000,22000000000,2474423
10000002,2020-05-04 13:22:21,0x27a420b9eae4f450b37a1130e2f8e46058e5f7107b238f81087a7b4a9d12d5fb,0xFBb1b73C4f0BDa4f67dcA266ce6Ef42f520fBB98,0xc4123F8fb93f5916bDEe7AA74f5998A4bB3a7093,0,8946260,150000,22000000000,2528414
10000002,2020-05-04 13:22:21,0xdad6c0d826d0bf4f51879e5c97d231fd47961db75880bb5e7eb550eba4041b34,0xFBb1b73C4f0BDa4f67dcA266ce6Ef42f520fBB98,0xdAC17F958D2ee523a2206206994597C13D831ec7,0,8946261,150000,22000000000,2569623
10000002,2020-05-04 13:22:21,0x5eaadea669148c2d77d7d733ff5ef73d93975280eff3ca2ffea0ee670519cf5d,0x8365EFb25D0822AaF15Ee1D314147B6a7831C403,0x4733dE971852a07f1Ea8E15be7F6d3daa150d6B3,0.0018,101052,21000,20000000000,2590623
10000002,2020-05-04 13:22:21,0xb60757a0e506297e3789b88ee7c687030fe2973e693cd173df7016011da2cfad,0xA1eb681E54D069A6961811C3DE939a8fb4AcEa21,0xdAC17F958D2ee523a2206206994597C13D831ec7,0,2,90000,20000000000,2616832
10000002,2020-05-04 13:22:21,0x8dfa27a2ba4da94cc85b2a97447f807050df6eb1a12abff9b5d0b8afd9475a5d,0x1B0bf31CA5e469818A1323E356765E273805f2d2,0x4fAC0ccD9e2ed9fD462D42B66Fb81bA9A1f6F25E,0,525,37782,20000000000,2654614
10000002,2020-05-04 13:22:21,0x4835672315d6eedde08fc611b4d1c601c721c20b9e22e4fcdc07a74890a04e53,0xbbe2B7E750e71776bC5A1E43a398eE28CeBfF7A7,0xa87512177ebEEb9D6D9fE8878c2C481BAcf11bE5,0.00032461,0,21000,20000000000,2675614
10000002,2020-05-04 13:22:21,0xc0d4c52327f0a342f4f28d4fa9ae37b722ffcbb1322599edc8bab9b4d1b0636c,0xbbe2B7E750e71776bC5A1E43a398eE28CeBfF7A7,0x885FE502d482034b8D53b7462A0015aD1595BBe3,0.015065889999999998,1,21000,20000000000,2696614
10000002,2020-05-04 13:22:21,0xc96d7290eda058b21609da220f9e521cee168355fb82738317a2329235f5a538,0x978cDe457e8DB6B89a343590d650EC1b84162880,0xdAC17F958D2ee523a2206206994597C13D831ec7,0,2278,80000,20000000000,2737811
10000002,2020-05-04 13:22:21,0x8b0df9ba598b2f98f3480da1000c13008cbb264ad784cb2dd0681f3057bc0384,0x8aF9b33C46CA76ab0611049CbD554E97683B3656,0x0b6D725f0bc20eADa5E0F5e5A28c8A4807bB6461,0.262,0,21000,20000000000,2758811
10000002,2020-05-04 13:22:21,0xb17fc6761caa3d70204c6538f024cea182b576f86bb51770f80e881c97b067a1,0x12847d13E8B19A9350F1A94B8003D68A420b8D4A,0x3333331365F21e192fD43e599DbB44Eff532a667,0.7,403,150000,20000000000,2791176
10000002,2020-05-04 13:22:21,0x432843995696ca21422c35f789b6e9a7f9c37a2f02e70383e9b5f387055695ed,0x7A57eaA048Dc74349743512B7Da762f7667A9108,0xd7cC16500d0b0aC3d0Ba156A584865a43B0B0050,0,18849,100000,19186131492,2843095
10000002,2020-05-04 13:22:21,0x345ac8d2632b9d0bd0319de2720883a4623065a1b4033d6b70b62e029e94fe2f,0x7c06a6B2E57593Daa0040b0Fbc2a9e0Ff8Fed0D5,0xa8899f01747b9e405db26DfBed16D1F42845b4eE,0.004,380973,21000,18000000000,2864095
10000002,2020-05-04 13:22:21,0xd9e9045c00adb9a1c2caa9d80d18cff904b8d3fb2f7862e0846359e68731f82f,0x7c06a6B2E57593Daa0040b0Fbc2a9e0Ff8Fed0D5,0xA889eF04a459bAc21Ae81a917D16b4f1013Af48E,0.004,380974,21000,18000000000,2885095
10000002,2020-05-04 13:22:21,0xf2f8fc7577a4c128db1484cd348ab895ac730a504ccbea02a4e69b5d47482de1,0x7c06a6B2E57593Daa0040b0Fbc2a9e0Ff8Fed0D5,0xA8892AE2249728aC9983f574859751C3acB461c1,0.004,380975,21000,18000000000,2906095
10000002,2020-05-04 13:22:21,0xd98c7fdaca047464afb9d95dfecaf7d24e4145667199be05770d8054fb3f3b84,0x9637ceD86EDe1c0dB07ea38760F47c7a9582c33c,0x0946e36C2887025c389EF85Ea5f9150E0BEd4D69,0,26,60000,16085937668,2929567
10000002,2020-05-04 13:22:21,0x5e0eae1ed47f44290989e62d9abc4d9acf1965f3293f86a49d28d412608dc43b,0x335E8D36468c4fEE1368E721bbcB9A7EAE30c433,0xbCF935D206Ca32929e1b887a07Ed240f0D8CCD22,0.03,0,238889,16000000000,3113328
10000002,2020-05-04 13:22:21,0xb4350c6191861ff67872155537c116e5387262c4346a36f86db169bed99f0fda,0xD18E16Ed5C01D286BCc55832B6F5d85fe0e86924,0xbCF935D206Ca32929e1b887a07Ed240f0D8CCD22,0.03,0,317441,16000000000,3340072
10000002,2020-05-04 13:22:21,0xb794ada7b9f9d02bfd6c750d43b1da84962d962f7ade70b57d9062a306bc6f15,0x0AE1B4a5cc6980d471E2278f646Ce41351e2C540,0x12eb08e27eEc735a16dB29b660070cf10808dE63,0,569,57087,16000000000,3397159
10000002,2020-05-04 13:22:21,0x2e1d92000a36f7067ed9d0a2c59a75ca09ee9fa50003420f79581b8f083dd60a,0x54B36F4676a71F6f8e3f156F46A164353d89a4BA,0xbCF935D206Ca32929e1b887a07Ed240f0D8CCD22,0.03,0,258389,15611148168,3595920
10000002,2020-05-04 13:22:21,0x0539defaefc9d23a7cd183cdcf4fac83e36adfca14c2dfe2f88f08c602625f00,0xaA4C77E0369D5d49ED7bA0d9466172694f5ecb88,0xdAC17F958D2ee523a2206206994597C13D831ec7,0,156,41209,15495238656,3637129
10000002,2020-05-04 13:22:21,0x597889b1fe9026a877b1f12e88be6b29d27963f60b68470113685351f3cdbb53,0x8E043d9Fd617e18f609436FBCaB20c7299E703Dc,0x7710bA7C56C53ef9B5660FC4dd0dD4a5b6969987,0.06293,88,21000,15400000000,3658129
10000002,2020-05-04 13:22:21,0x23df981fae914dbf9e1a0cbec3e13c83ce82e17203efe975c2fccc49f5301604,0x7187Ed024aA41a42467fc1E75c6824978CE3C9A3,0xF72e899652cD857b6355B17BE3CA69bdb2C9343a,0,802,210000,15222296336,3711275
10000002,2020-05-04 13:22:21,0xe06caf26d7c09dec5eb3d6e17c15b96f4e6f54abe46fd4ba361f785acbe32f80,0xf890317b8CCb178e2000D7E34Edb21FC991c9132,0x4F391C202a906EED9e2b63fDd387F28E952782E2,0,434,500000,15222296336,3953083
10000002,2020-05-04 13:22:21,0x304551314b3feea0a0fb77a43f87a82e50a768553d4253f55404a829cb3b7ab9,0xfB2eFe5941BC25dfE429e3786b31540407d6683c,0xdA8E51e033428bdaa385A90a550969f83261828A,0.049682593198295,186,21000,15114609605,3974083
10000002,2020-05-04 13:22:21,0x4a125ab782dde1ca04c254fbebd6c6febd17e3fc68276c2a6abbc9a72b07e5b3,0xFB0a9a14e53Ff971353169A41A2f9348e8531276,0x3b1d6730c4DEe8a354B16232Ff66C769c5D7448D,0,1375,211865,15000000000,4184496
10000002,2020-05-04 13:22:21,0x3968be73acb9ca2fa08e24553b3d8307b6ae39316d0dc6753f70592e22a73bc1,0x6924a03BB710EaF199AB6AC9F2BB148215AE9B5D,0x61935CbDd02287B511119DDb11Aeb42F1593b7Ef,0,189196,83906,15000000000,4220768
10000002,2020-05-04 13:22:21,0xc044adf2be0b613299e6594de41951bd3e59e1d74c63db04b983bc560eb2dfd5,0x9D96b0561be0440eBE93e79FE06a23BBe8270f90,0xDe7a75699315775E32b833818Ce2afA680131600,0.51611719,161782,40000,14000000000,4241768
10000002,2020-05-04 13:22:21,0x387da58c3d321c9f803d85b543092b0a324cf201ccbf959d7e6d4f89af97243d,0x747DB71dA6be6f895F991D326d4560a501AA52c7,0x5b458652184991E1963154Bf06b0d44936B6D566,0.001,14,21000,14000000000,4262768
10000002,2020-05-04 13:22:21,0x954802480ae5d59a96f67ad1e6d04d0c27181662c9bad89eb60204e468398804,0x863Ef45bC26a9DC4a10a06c8446C84AA30fef8ea,0xb04c0EB29C72cEBC467b9d4944D29116fa02C44a,0.017144818724063,10,21000,13818155997,4283768
10000002,2020-05-04 13:22:21,0xe6f0093d32835f0ae9cffafe4b2b62eb8904801312d4d8faf0a6d021023028e9,0xdA8E51e033428bdaa385A90a550969f83261828A,0xc2a0F33090c8B483F12471875A36C833C7856568,1.42613038,31906,105000,13586729706,4304768
10000002,2020-05-04 13:22:21,0x5f143169b360104ae86ca6f71f60d849d9d8079f7f9a3bfd0ac4d6acf9b583d5,0x797DBfaB26308010199f0B18c97C1C554Dd119f9,0x0fa440C2AF0D7a7493e9FF4C8160ee6F17cc7258,0.073145502906118,82201,1600000,13000000000,4325768
10000002,2020-05-04 13:22:21,0xf021969130c3dae231fddb8ad341174d665ccfce75cefd1e195195d7a3d3fa97,0x797DBfaB26308010199f0B18c97C1C554Dd119f9,0x156DfE14C36d54B3874F6c63C7Cb6a8502198d57,0.47340163530687,82202,1600000,13000000000,4346768
10000002,2020-05-04 13:22:21,0x2c7f99c1c250510f5af0748b6c5bf24c432dc3e36f608155cd84072ed7922cde,0x797DBfaB26308010199f0B18c97C1C554Dd119f9,0x55d1ee5c62973FFA30f8616F7D691Fc4439110c2,0.11599842380061,82203,1600000,13000000000,4367768
10000002,2020-05-04 13:22:21,0x2a5611cd512d5aa8508a94aec756bea68ac332f93330f90a862fc32da78e9f44,0x797DBfaB26308010199f0B18c97C1C554Dd119f9,0xCD94C82ccA785Fc6A66682263Dc95eFB579fb4D3,3.6372771155551,82204,1600000,13000000000,4388768
10000002,2020-05-04 13:22:21,0xb12ce3193fa2bd186f1673f4314bcddc02dc247d0f2b0865e196f84cf7f6923a,0x797DBfaB26308010199f0B18c97C1C554Dd119f9,0x517Cb99B9c91304De9Eb77338EbaDDebE2f8d3C6,0.15318687814008,82205,1600000,13000000000,4409768
10000002,2020-05-04 13:22:21,0xf88599c1fe55c83bba69fcc89fa56f96ee5144cd47a53466941cb64f21f9c54f,0x27771C10b43bC727607857B9eDf675390235224C,0xdAC17F958D2ee523a2206206994597C13D831ec7,0,5806,59900,12772488539,4450977
10000002,2020-05-04 13:22:21,0x94b34fde1f62efe1137fb3a161b4029533be701e386b27e9de67e2422dc01b32,0x8FCf8b395211dbcD5Cad87c7b91107D26DE57D0A,0x9b209D0df02c25fa7570C28C2ADD15225c3536AC,0,83084,36676,12611148168,4487653
10000002,2020-05-04 13:22:21,0xbe3d7ae93020962b39ce13b3f0b874bd391b9e86c164022032ca860d082fc71d,0x37D514c98Fae67A7B9e962300e60Bc0eE14B3524,0xCE1fa27e753825F8714b02dC4705117B011D62F5,0.002,16292,98832,12000000000,4508653
10000002,2020-05-04 13:22:21,0x777b4faba05c3652c0b99c8fac88a8a5d584579fbc6f67749cac745c25a66bdf,0x206d5EbcE3e6db7788186F49c52B0182e6DcEcC7,0x8e2E3D8A48D829B3D0222186e60CdFE17914fd29,0.043665002297706646,604,21000,12000000000,4529653
10000002,2020-05-04 13:22:21,0xa20726e4d9820c992a3beabc05d966f33aa95f8f3da67226ef9c41b98a88b97e,0xBe709a259A2F92a4F19910B323E7168b0d8c9814,0xdAC17F958D2ee523a2206206994597C13D831ec7,0,24,300000,12000000000,4585850
10000002,2020-05-04 13:22:21,0xa33b6a384234a391966a2f55b10e141cc25e9dd67859563660c05fdc8e04abc6,0xf2cc73a70090bB34bE518159380f58E75808bcf5,0x6F919D67967a97EA36195A2346d9244E60FE0dDB,0,59,37200,12000000000,4608050
10000002,2020-05-04 13:22:21,0x536715f4c331d9cfe4ab07e5be9ccc36361b2cdb068e597f0f7ea2be25bf2025,0x09344477fDc71748216a7b8BbE7F2013B893DeF8,0xb915cEC6248fF7c71BA06b03A0F6EAC439d2a3BC,0.000554508,142127,23000,12000000000,4629050
10000002,2020-05-04 13:22:21,0xcdc350ed3959f01bd4a845a1b7fc52a5503a69ecaa2b197a15651358cc483052,0x09344477fDc71748216a7b8BbE7F2013B893DeF8,0xCc6389b0A715744Ac7C9969219e400ed207DBF3E,0.000554652,142128,23000,12000000000,4650050
10000002,2020-05-04 13:22:21,0x2455e5c7fe06dcc227569b3df9f37d6ea146600d011a720a9fe9fd5c5b376367,0x9bc2f223026c252c8ef5f7f33F00F4bEE21434B8,0xB63B606Ac810a52cCa15e44bB630fd42D8d1d83d,0,82838,150000,12000000000,4702730
10000002,2020-05-04 13:22:21,0xc9fcc576f521e2bc51de31db82a3eeb575e9f6dddb6b3c37e6c1864c5cabb250,0x1A034fe8963D48cC1d1619947f55Cc23F4bC409F,0x0D8775F648430679A709E98d2b0Cb6250d2887EF,0,2,62476,12000000000,4739794
10000002,2020-05-04 13:22:21,0x2348d849aaf312199a84da0bce768684de7f4dd9a251cba4f200a6634fdeb4da,0xc91bEC1718de8A9d5CED3A5FAe759580aCc107f6,0xf293d23BF2CDc05411Ca0edDD588eb1977e8dcd4,0,123,36245,12000000000,4776039
10000002,2020-05-04 13:22:21,0x68fba3bcc6f5e73611751a2d93ff9fb633504075a9bd672fbe1ca850af42fc89,0xF008E2c7A7F16ac706C2E0EBD3F015D442016420,0x867fFB5a3871b500f65BdFafe0136f9667Deae06,0,261430,100000,12000000000,4825254
10000002,2020-05-04 13:22:21,0x3ecb5bfb4fef6466284ed580b69e088b478a68e7e8872446e4deacd22a471e23,0x96E82255174536DC53e83F23B339f25255174e2b,0x4501B184694B401B53b3A4f266F8ef24FEC09Df8,0,51872,60000,11611148168,4862477
10000002,2020-05-04 13:22:21,0x76a9a21318336d2ca081346182cfcdaa86ef738f01bd5119bb8572f5aa058ea1,0x3259de07ECff61E903f466bA4A42e18B28199fe8,0x6d220395E741d1C068e9349eEe3ffAc780Fc88C8,0,7,200000,11416722252,4883958
10000002,2020-05-04 13:22:21,0x80d8d7644681217f37dc1e7bb93d7336e7c2c3825faeefd54dc0c505bfe4101d,0x5AAF986BE6cdC0772cC9068B7F6B31e22c9430B1,0x8dc74D28B9821f7f9d0e95AB2D3C66f5276AC474,0,21676,1000000,11416722252,5019680
10000002,2020-05-04 13:22:21,0x75a8516af4c306ec414585c52c4b804acd8d86dd252716efac17db5d51bd9677,0x44E7355E8B86E96f6F36dBF845363ac4a6c5A098,0xdAC17F958D2ee523a2206206994597C13D831ec7,0,46,60000,11000001235,5060889
10000002,2020-05-04 13:22:21,0x383d305becc88c7ab0218eb94a0672e52d14fa971fc8647891f10a0914777103,0x39BB7d39A395e0ce36875244ad48BCaeC54FAf03,0xdAC17F958D2ee523a2206206994597C13D831ec7,0,3311,60000,11000000000,5102086
10000002,2020-05-04 13:22:21,0x40d2751f6e76c4d1f4f2cbafd8caf64ed176b257759db5c1901b4fe28dcf48ca,0x9Ffcd8b82FF1f1Bf3Bb4D623e6C7D959b2f8EC51,0x5acc84a3e955Bdd76467d3348077d003f00fFB97,0.8,10,257976,11000000000,5286312
10000002,2020-05-04 13:22:21,0x7f9a2177f1cce4da6bf013c01509a8392c7dcf42f9da91cd3f9892d0154f6d37,0xA7a7899d944fE658c4B0a1803BAB2F490bd3849e,0x2a0c0DBEcC7E4D658f48E01e3fA353F44050c208,0,5066584,400000,11000000000,5413172
10000002,2020-05-04 13:22:21,0x524bb048492cbe5df307edc0fba0699c4a221675d3a2f6848fcb3a1b6258c504,0xA7a7899d944fE658c4B0a1803BAB2F490bd3849e,0x2a0c0DBEcC7E4D658f48E01e3fA353F44050c208,0,5066585,400000,11000000000,5539960
10000002,2020-05-04 13:22:21,0xf274d8b7f32ed32445ee747b66102d0446599bc56f48cdc9189e4ebc887ddf17,0xA7a7899d944fE658c4B0a1803BAB2F490bd3849e,0x2a0c0DBEcC7E4D658f48E01e3fA353F44050c208,0,5066586,400000,11000000000,5681712
10000002,2020-05-04 13:22:21,0xaf1dd6a820030344e7732d9455a1b43bb41f73623abf762b524e9266ac612632,0xF4a61143A5183330A3De152066829f5623FB0E42,0xE498C0d37E1cAB443d7F8bD74bD820bB9D5b6bD6,0,117,90000,11000000000,5720234
10000002,2020-05-04 13:22:21,0xe87f55eef1ff002a8b29a7f8590cb48c6c5f61ddb63ca23bf513734d2bcfe9dd,0xd9245473C73B5BC2afBf629De701fBF7BdE0801F,0x5acc84a3e955Bdd76467d3348077d003f00fFB97,0.1,3,169927,11000000000,5833456
10000002,2020-05-04 13:22:21,0x5fdb2f45b58500738be51f1863a920acf147a5bbbab9ee6f861be9a227766acc,0x0f65f0Be92342305cD797892D7E592A110173d7f,0xf8A4d3a0B5859a24cd1320BA014ab17F623612e2,0,56,60003,11000000000,5866213
10000002,2020-05-04 13:22:21,0x85b5fd9c0dd80b8098e2826777353c4b956331afb3fa8056ab3c89e47d1c0e05,0x268A739f4335F1A5d23eEBC22A7d8E685a4656F0,0xD0bC0cDF86D71aFB5244d38b416693ef4cE38CA4,0.001,3930,22824,11000000000,5889037
10000002,2020-05-04 13:22:21,0xa4fd1d0155e18350e8dbce4ea0a9ef5d7e5fa9f9e7b69ed136c2dcbbd64e7249,0x065227A738479B936dd6D9f10F2F45c219c921f7,0xf8A4d3a0B5859a24cd1320BA014ab17F623612e2,0,21,64859,10950000000,5943896
10000002,2020-05-04 13:22:21,0xa24e81e0cd821c352b9ed42db77a2f1c676d6cbe19b18a9df735ce473dc19f10,0xA83957D1437e4aCc34CaFBdb168AcF795AC90A44,0xf8A4d3a0B5859a24cd1320BA014ab17F623612e2,0,10,79859,10895191284,6013755
10000002,2020-05-04 13:22:21,0x1cce94e49a050cdf45d0a616846b576e813b2ea5989c8f7feda2e1b4956cc5fa,0xBc990ecf98Ca6bBD6922bdDF95991840276BbC51,0xFFABdD7582A0140Fec55F63f76E90c763CF44598,0,1509,60000,10800000000,6069309
10000002,2020-05-04 13:22:21,0x49c0adb9d40342c783936af54e3291b1f0a5034ff45720303b974b020992ef8f,0xa050eCEef2dd1e3ceB5f9f51b3E7f30a5dA3326D,0xf8A4d3a0B5859a24cd1320BA014ab17F623612e2,0,112,79859,10800000000,6139168
10000002,2020-05-04 13:22:21,0x55a4d4f9837f0a1142b72044cfc674af6bdc7fdd95adb43500aa8b4f10e12c16,0x7298467BDab687c7cD8c2D2D5A6B9885D8051C07,0x5acc84a3e955Bdd76467d3348077d003f00fFB97,0.2,136,200830,10611148168,6272992
10000002,2020-05-04 13:22:21,0xb48cd8a6de3c76abf0a2d2976343e36c2848e61027e6b8fc44c5543697d447b2,0x947A0a5E36Dc33b44e7D2229734Ce62d900A588B,0x5acc84a3e955Bdd76467d3348077d003f00fFB97,0.05,1,220049,10611148168,6442218
10000002,2020-05-04 13:22:21,0xbeccb36c5ceda8f5387cf59fab4b7291906be57a71985fe147719454dc052e3f,0xd5EC31515bC63E7801dBd60D2c1F20c4eeE378dA,0x5acc84a3e955Bdd76467d3348077d003f00fFB97,0.05,8,215962,10611148168,6596434
10000002,2020-05-04 13:22:21,0xc593b383f80c8eb713fa2415c4cba3de57714a57da805b2bc952d9f1b100f457,0x0D0707963952f2fBA59dD06f2b425ace40b492Fe,0xdAC17F958D2ee523a2206206994597C13D831ec7,0,1785540,200000,10500000000,6637655
10000002,2020-05-04 13:22:21,0x2dbf4e696c97a1150c03676071df9cc248f017a006a8153265e5c028bc887247,0x0D0707963952f2fBA59dD06f2b425ace40b492Fe,0x1E7170d291aD97ee4E1750b247f96ABF734D737B,12.292,1785541,50000,10500000000,6658655
10000002,2020-05-04 13:22:21,0x48d1fa4362588d434caadeb1727c34ca99e417cec0c6a819c10483151069ce65,0x0D0707963952f2fBA59dD06f2b425ace40b492Fe,0xdAC17F958D2ee523a2206206994597C13D831ec7,0,1785542,200000,10500000000,6714876
10000002,2020-05-04 13:22:21,0x71f878f2fc46bf9bdd5519e8e7c1e6001874292e6c78c8b6836c2946780f6abc,0x0D0707963952f2fBA59dD06f2b425ace40b492Fe,0x385bFe9846b51AeD4E21782C5Bbf199B97345AF7,0.157,1785543,50000,10500000000,6735876
10000002,2020-05-04 13:22:21,0x934e632819dede993387958f8c02e100dfc3cb4a4622406cd9660ce7e283d572,0xABDB1A71F300759917a45684a78192265e6A0D18,0x90A4aBF9678c33e5de655F68B231984a881a98B9,0,18007,131000,10117124997,6805797
10000002,2020-05-04 13:22:21,0x2cff93f8991f3a7b5f2d0c467aa2fbd61c6b31d53983b27a2e73bfeb202aabff,0x73952F60Df25C4389e6afCFA4EBbDFA093e54B73,0xFB80Bfa19CAE9E00F28B0f7e1023109deeb10483,0,149830,131936,10001000000,6837733
10000002,2020-05-04 13:22:21,0xaa99f8106bb5358773c0695b6659dc8fce33f6e5f1a335274f8563610464ba49,0x42E9455EB700d224619428b3ffA9ed69B7a69297,0x4Cd988AfBad37289BAAf53C13e98E2BD46aAEa8c,0,84596,300000,10000000001,6894655
10000002,2020-05-04 13:22:21,0x4f99a37561f7631fc0e80f7aa240951818a6be35b6ee529c8a74092a46926f0c,0x16ec48BDEFD0D649F281859DC9c63253bC4E6AfA,0x514910771AF9Ca656af840dff83E8264EcF986CA,0,0,200000,10000000000,6931244
10000002,2020-05-04 13:22:21,0xc17681d67314917bdbd3f9c4d75260be42fd6e07fd97d55610deb75ff240b43e,0x1bF86B2D62b2a8C91302510DF2e0ad8E028a9356,0x9114569F86F6aeb0FcE6fe1B07B351f84de7cf33,0,4937,100000,10000000000,6970536
10000002,2020-05-04 13:22:21,0x1aaa0772ef2565ec91e14754efb05d94b468dc3c6ec18eae278c4ef5fd84819b,0x1bF86B2D62b2a8C91302510DF2e0ad8E028a9356,0x9114569F86F6aeb0FcE6fe1B07B351f84de7cf33,0,4938,100000,10000000000,7009840
10000002,2020-05-04 13:22:21,0xd2999bc2b51c1f74b5a7e23fbdd935e9ce17649696085cbba746b679a0f99aee,0xD5d313DC80C825aF5fF125803B0032751C043787,0xC735629E8D92BA7a233F36Fe2E84859E4b9c948D,0.1,24,21000,10000000000,7030840
10000002,2020-05-04 13:22:21,0x303c3b1ce5e4a5f9d4f8fb3f705afbd98ef4841de3ea6db00ddf8efe9a053ecb,0xcb0C7C757C64e1583bA5673dE486BDe1b8329879,0x794e6e91555438aFc3ccF1c5076A74F42133d08D,0,49007,508870,10000000000,7281075
10000002,2020-05-04 13:22:21,0x95d2644b84bf226d5b2a3ccf53287fc6c0bf701a1616cf648c03da7adb50595c,0x26c01BE609e5580521fC643b1f6614B9A824B882,0xa5c43ffF568fC2115D54499d4cf202BB490Ef152,0,23793,80000,10000000000,7318991
10000002,2020-05-04 13:22:21,0x3ae30ceea1a5e0fce4eacd1a6b193f8d05b4a7093139066783d6407cff02b02c,0x7888d59E296c0772F3C240d3Fa29F4F21277c2DF,0x59b257730B583dc4a2CAB977aD01E7622ffc8648,3.39,0,21000,10000000000,7339991
10000002,2020-05-04 13:22:21,0x3e87fead7d1aa535132ddeee4aac62bf7480b3eec8802237babc521d79587dfc,0xd5268b0CcF824c86b581448a1a976fBC36F748b3,0xD912D6b615dd1f89a5586f9E20Eb3B96c0c740ff,0.161454,3,21000,10000000000,7360991
10000002,2020-05-04 13:22:21,0xd480351dc3b96d04d840cd88e7b3f3f3c8976b9516bf393be1db80ce9adf5104,0xaf91f2D992F37450695Bfdd15f26362c40d71088,0xdF1D6405df92d981a2fB3ce68F6A03baC6C0E41F,0,384,38459,10000000000,7399450
10000002,2020-05-04 13:22:21,0xc8b47770cf1a6e839092cb61bb71d01d874fb03236208c0c01c6d92803441269,0x1a5d682F9237F6C308EFe09a2211b6263B71248B,0x5aCD3EC6dCdaF37e2559B36996e2685F0cF5Ba88,0.25730006,0,21000,10000000000,7420450
10000002,2020-05-04 13:22:21,0x263aaced3d232c3ffa97b5cd5c81b25762973d3e2dd3067644fd79092549a0e0,0x9E09762D7d15B816c99C4eA9B097723b9053B9D9,0xdAC17F958D2ee523a2206206994597C13D831ec7,0,2,140000,10000000000,7446671
10000002,2020-05-04 13:22:21,0x8560161e5d76fc613828950a76b5d767373966f65436e1b4d55538aed2fd6818,0x8b695D0D7160aA8d95dc6ccEf6E7133F76a91De7,0xD736915F7d9F70a0F1837F90aa7b437264C20dc0,0,32075,36677,10000000000,7483348
10000002,2020-05-04 13:22:21,0x90b606a8849f8d2cea63706cce79809a7d4075907defef8f87f3fba15b1dc83d,0x8b695D0D7160aA8d95dc6ccEf6E7133F76a91De7,0xD736915F7d9F70a0F1837F90aa7b437264C20dc0,0,32076,36677,10000000000,7520025
10000002,2020-05-04 13:22:21,0x515e38e20b9f2d75291bedca2e6fed7870160134c3025c20b8bcb5a4add457ee,0x0AEF7B88bF3bB98C1BB9C77d8780249f877E4AEc,0xd9E24d0f97AB29d23734d5122f87e333A371321b,0,186153,60000,10000000000,7556521
10000002,2020-05-04 13:22:21,0x726293314689cba9f31db6d13cc4a30c892894a86c5da6f1cb5b5bf53fb4a20d,0xa9302D372ad7E01929E905758C1FEd4436235eE8,0x293C236f5304f74De0bA94E68E49462F7bC3c1E3,0.10767284,0,21000,10000000000,7577521
10000002,2020-05-04 13:22:21,0xa20537a561c41855e6719f687d060217cfe105f6314c2facd68accbb197b7a72,0xAFec7114C4e83A2644F542EB97e8fDBe7F2d6093,0xA0b86991c6218b36c1d19D4a2e9Eb0cE3606eB48,0,0,200000,10000000000,7620534
10000002,2020-05-04 13:22:21,0xd6290bad35c90b73505d546963d2ff683275b5ff2c9342aa6e964a42baf821ac,0x3831E0083219F17c8861fe02EC18888904BA3C69,0xF6a4859c16ef8219551b3a99148575172F046Cf5,19.6536052,0,21000,10000000000,7641534
10000002,2020-05-04 13:22:21,0x28d815ee983c8e9a6295651ee1485666fe894cb8960a67e8c6c86414146a09ec,0x9702a479115788294232c384a5c1f42c881789fe,0x2FB5d7DDa4f1F20F974a0fdd547C38674E8D940c,0,62035,250000,10000000000,7836268
10000002,2020-05-04 13:22:21,0x94ebf7399b99890ae77b543c30ec889c897132a5529398cee70e148a3d925e55,0x999f7911CAdE8762c8832054B7a45d0F979B794A,0x7BE10B7caBE571d6d0245e241a622e4AA5fdd8cc,0.1,0,21000,10000000000,7857268
10000002,2020-05-04 13:22:21,0xf894353e21fc8d469808cd8d90bee18040bfbc27ff99d00678588b6d1f9769db,0xd24400ae8BfEBb18cA49Be86258a3C749cf46853,0x056Fd409E1d7A124BD7017459dFEa2F387b6d5Cd,0,605402,150000,10000000000,7927538
10000002,2020-05-04 13:22:21,0x09d2849a97951f748e0ed18e9cd534c5c2427ba7c6c9d84668dd4d29a87f50b6,0x00472c1e4275230354dbe5007A5976053f12610a,0xCD111aa492a9c77a367C36E6D6AF8e6f212E0C8E,0,717618,1600000,10000000000,7993330
10000002,2020-05-04 13:22:21,0x7e2513a104047cbbdfb11d4a19310fff0929262f2e1f0c060e518ad0546d647d,0x0a2311594059B468c9897338b027C8782398b481,0xB63B606Ac810a52cCa15e44bB630fd42D8d1d83d,0,94454,67400,10000000000,8046010
10000002,2020-05-04 13:22:21,0xe1f04eaacb0bfe97ab3d73516018c81eef7542b349e7a63cc6af3e4177050cf0,0x1E695F0055c9C62b9bA43776B5F3fcb2744046A4,0x809826cceAb68c387726af962713b64Cb5Cb3CCA,0,57563,120000,10000000000,8099404
10000002,2020-05-04 13:22:21,0xe9078924eacf88508d7f066978105c43903bb24b789d6a7add1f979b31bbc2d4,0xaD5AB469Cf06A8Bf10B10dd2B493184abF6658c7,0x18EC31A97ebF1f46F9b901E02bAA71EA9E3D2842,0.25593826,0,90000,10000000000,8132228
10000002,2020-05-04 13:22:21,0xadd3f6d4a28d86b21f8c2c8db8d0826346f4cb25a91d33d0ae898da569697d5b,0x1A4262e06e7bbb4Cc48f376e916165DF38EDF314,0x1C0070B3D0dBF3354fFbe0C2cc453BC1b50DA11A,0.02633102,0,21000,10000000000,8153228
10000002,2020-05-04 13:22:21,0x1589a826f02fb480bb308c9eacd45189991def656bb796bb12e24b2c9717542d,0x6F569b683b93640bFaAd03AD3DFBc1Ffb696bEbc,0x572844A0b3cFCdd1BbC7ae6214CE0323FEdaa139,0.01251135,0,21000,10000000000,8174228
10000002,2020-05-04 13:22:21,0xab35d67672f4d3437fa87acf4090cae49ae0765fad67bab146991f7d9e80f6a5,0xA3c7e8c94ef04d399c104c5B8E80005eA34650A2,0xCa2167399a0784B3f66719c3090da385eCdD5209,0.05,500,21000,10000000000,8195228
10000002,2020-05-04 13:22:21,0xec921d30995ee6e19c67712d264311fffc1936262d6bc99db44e93682866838f,0x1BC1c3c290341940bF78E5548301676A91FDB0a0,0xA0b86991c6218b36c1d19D4a2e9Eb0cE3606eB48,0,0,200000,10000000000,8253229
10000002,2020-05-04 13:22:21,0xe7e61e60bd71875ec8fcde7bd3a82784b3fb5eaa1ae0acbd7c5d35e482fa95fe,0xC094CDf35feD1FcBe0429f034db4a23e87bA2fad,0xE8Ec06Be537C17b4C6B8EDb5771A1E78A2569d32,1.154527,0,21000,10000000000,8274229
10000002,2020-05-04 13:22:21,0x4eaa62695e800ec8994d3f356b4f0db827d97dc1624901f8f6288d45241fa995,0x70cB32313ed48a6Ee81F4Ce6935D5D18485DA5A0,0xbCF935D206Ca32929e1b887a07Ed240f0D8CCD22,0.05,2,113523,10000000000,8361555
10000002,2020-05-04 13:22:21,0x94a8f1e597768717abebda985a8717543f494e7d312cccc3f0caeb696e5a496a,0x0CAc1276826a57b9ffdED7b15CF2B2cFe5994B36,0x0a96CCDBe2819E7B7D74FB85988c8c6f3A256Cb4,1.01,0,21000,10000000000,8382555
10000002,2020-05-04 13:22:21,0x310eef47563c95236ecf504f98fb934d8b8654efa4f33698d63fb6581f680d31,0xf8F9523A61da8265210e775BE89F06cE8775B446,0x67AAa0d849909fBb34936bb52B2250c506eBCE82,0.002,1,21000,10000000000,8403555
10000002,2020-05-04 13:22:21,0xd888d0c7222e3b75afc35f7ebac6b96876f5b607ba081b778baf17cd12e1a8ba,0x4154A0165b2eabE0e7A522d3e7a391E315291D2A,0x27492703E18f7Ab987d57C1E92d9e5D16D35b163,0,17635,1000000,10000000000,8446251
10000002,2020-05-04 13:22:21,0x4c45809ec9b06d400f747a1a75ec40a02105a9fe92f086b82447ee94b9dd1888,0x824AdA524aD4dd041036160F352a6F38411edF0B,0xD4F5bf184BeBFD53AC276ec6E091d051D0ed459E,0,211576,150000,10000000000,8565784
10000002,2020-05-04 13:22:21,0xfce1e1f37687f6e6e356fa314fb9bbfbfed4d7a46050d8e6aead52b322b225ca,0x6Bd9E3daD7C620000e2e16f806b2F2e846152f10,0x9E0a9aee9949D81Bd9CDea4F6A425E56487b9d24,0.23615393,0,21000,10000000000,8586784
10000002,2020-05-04 13:22:21,0x35017b37797902ab449623d30d68239e9797d8ad9e560173d56d5eb4c0df19c6,0x6B71144c08CEE0140891a79a738669ec814a0ae8,0x4707d23A0228e30F2DE232e82E4DCF2397151729,2.8034,1,21000,10000000000,8607784
10000002,2020-05-04 13:22:21,0xa135a0ae2a615278971d0dcc58e382cc554a82b84d18f1fad83e28497f649087,0xcEFa6656fF9a48BB7F0a09CAbB13CfE8f57A8dc4,0x9F0cC92F26D585269B68E22DEB06ed4E89A74F4d,0.39131,1,21000,10000000000,8628784
10000002,2020-05-04 13:22:21,0xec417ff2293a455fbc08a7fc1dfeaa9a7d707c9e3a21f24dcdd29c58374ec881,0x9E1E13B8b612c8a6a3b1c9edB79B5d816bF3753f,0xfb8dCB7e63EBd4e16ee933C984B697053eeFb710,0.5010271,0,21000,10000000000,8649784
10000002,2020-05-04 13:22:21,0x3c5e3181092404c039bf6c6e2b9a327603bc3d32d23ab1e038052309677df7cd,0x604Df452158e7ddF3E44338308EdC079a953C9dA,0x0A1820f0ff7Dc9FCE0A4F0B589ee14DdAe88233C,0,124096,162788,10000000000,8742572
10000002,2020-05-04 13:22:21,0x50eefe0005d1e2c8bdf8209bc53b61dce450c45d64bbad80ac52ba90666b5b4f,0x604Df452158e7ddF3E44338308EdC079a953C9dA,0x0A1820f0ff7Dc9FCE0A4F0B589ee14DdAe88233C,0,124097,162788,10000000000,8835352
10000002,2020-05-04 13:22:21,0x621cc227d668e00d6e46fa64a38fd0e167af451cfe36a7a2ade9cee7f91cc873,0xac4fd02C99acB23F6eEe2Ac502e12bD84AC500B9,0x1Ffc20E8aF1fF9bb6c6CCF01E0725E867E7C4971,0,363,356476,10000000000,9002842
10000002,2020-05-04 13:22:21,0x6178a5f33e03cc0a809218178ac8121c04accfa6add73bf9b1a78054593101c7,0xcd8DF90e74CBAf0B3278D1b12E3D7BC2a5ADAd55,0xbCF935D206Ca32929e1b887a07Ed240f0D8CCD22,0.05,2,93415,10000000000,9074700
10000002,2020-05-04 13:22:21,0x4cfa525bf38cfc54c408873871553b9d3f74f2e33bcaf90b3e005f91b9d37995,0x9042aCc343c0CC1Cc749c375CACdD3e983E2CCa6,0x52679fA8A873d779E93949434C40B01f92177Ac7,0.5,0,21000,10000000000,9095700
10000002,2020-05-04 13:22:21,0x56d39d67d43f33d0b0e38d3842d8ef75cb45f63cba12ab864000e1230b64cb24,0xf0f4e3E1b4300C44A77452A22508c80F15ce04b5,0x084A7c5Ba210476F695021ec75C7778851B8cFDD,0.0006,2205,21000,10000000000,9116700
10000002,2020-05-04 13:22:21,0x545ecda8f4c3bb3ac2a4d59722e76839f1d4939d5802f2281d3fe765f3cfa492,0x8c4B7870Fc7Dff2cb1e854858533cEdDAF3eEBF4,0x78a83415bcbA6fC87Ca0c7c945bAFec3ca149752,0,264253,177748,10000000000,9224448
10000002,2020-05-04 13:22:21,0x6c52d813c2d398408ca7495d15452789678869e0c46dcd330fb76bb43c4d60d7,0x3d8aA7659190C5A5a77f982f4A6386D18b4C99Fd,0xEd0eBd263e2e5Cc0F537C60fEBA5e151FE8456c2,0.08020047,0,21000,10000000000,9245448
10000002,2020-05-04 13:22:21,0x674a7231fc95279d88f0f2cd66472d76426ce30e957491b7a15de780e77ad1c9,0xA3A54a3CBc865A488Ac98980d0c6ab161f0D02de,0xDa98B3e7ead3B5b342c79B691eFE8F79AaC8C51b,0.06608439,2,21000,10000000000,9266448
10000002,2020-05-04 13:22:21,0x35ee8782d613eaa9c2de8cfc14da23c330ed9c4f439679d2f96e57c991d3d066,0x72e559abBEf66A64755444aFf7EDe32F56A7E284,0xb50641C1235206236b2Cb12Ec0ba1Cbbb1dabB99,0.0052636,32,21000,10000000000,9287448
10000002,2020-05-04 13:22:21,0xb4f2c0477df8a6a0d8b7f5d7a2a389191a197358f1ddc385d9727839c5063e39,0x036aB8Ee93a36b229926E0993bBa7452B00820f1,0xb034af48bfe9e6c7C540793d6BD924570cd7EE13,5.71855002,1550,21000,10000000000,9308448
10000002,2020-05-04 13:22:21,0x774db2ed6daafcd9a42597099163eb8523d1602edc16bb201c9319305eca8597,0x34B5f1333991164569BFf951c3A60473dcc2658D,0x514910771AF9Ca656af840dff83E8264EcF986CA,0,0,200000,10000000000,9330037
10000002,2020-05-04 13:22:21,0x829d04b968213f2349b1ca1a1dfff95cc5362b5be451b881eb9b2fd009b73b41,0x8F86D6330B5a67C7CB0c6ca6C68D4296da7f91b7,0xb7a3d101cc5e13739020aF8Fd3a5AA161804872f,0.32346021,0,21000,10000000000,9351037
10000002,2020-05-04 13:22:21,0xe136ab78c845a9505edf32239623281b07eba3d5bbb70f618a720b9d474695cc,0xFD39f504F4d5423B8B4625257fDbD656a382caE6,0xEf1bd48dC15D6f13efFE07E146f6B8D0e269884f,0.50066384,137,21000,10000000000,9372037
10000002,2020-05-04 13:22:21,0x0ceb69a7459a07c49bf91fa371c6aede5a72d96757dcdda33a3bdcf1e0e6b10e,0x8bC3da587DeF887B5C822105729ee1D6aF05A5ca,0x798AbDA6Cc246D0EDbA912092A2a3dBd3d11191B,0,820442,112488,10000000000,9434525
10000002,2020-05-04 13:22:21,0x89f4c6e260ac2d789903716c4bdb8412f2b660b3c6c30f7d3c2176cc0a0e237e,0x1987AE42DbB74B80996e16a4d1D581465226f24D,0xdAC17F958D2ee523a2206206994597C13D831ec7,0,80,60000,9200000000,9494525
10000002,2020-05-04 13:22:21,0x44649e8075500971fda33fd9ad3cf71da55bb57262afdd7d5cc284b508ab809d,0x0148eA866FAD40A8148772B3fa59DF0f413D2E65,0xd7B9A9b2F665849C4071Ad5af77d8c76aa30fb32,0.09994735906639751,202,21000,9133377801,9515525
10000002,2020-05-04 13:22:21,0xe5053f35b32bcd4212bde55c6c331de0f78f67321fac574392042317e73d6456,0x3195CcbE2Be6b216eaFC0B2DcBa1cC495B79F7E9,0x929810f9Bf85B80e1c31d80aC3A10D82B0989BEc,0.042,439,21000,9000000000,9536525
10000002,2020-05-04 13:22:21,0xbeab1a3fef0c6ab462e66b1f77480eb696b161cdba5423ac5cdbd3427f63f344,0x28b8E96c92F1fb9cc9B689C86A45f9E7583De876,0xa272eC6EBba6d470fD640013165BbbeC8d8Baa04,0.015,2,21000,9000000000,9557525
10000002,2020-05-04 13:22:21,0xb63c72c1f6683b8d61037c5f9465498641b81ba082412575fd35bcdba55b44c0,0x292490b2abD3F4010380469Dec5e8074d85c04b9,0x47949073f9a4EFd0c23E76aCF8F7b880e2E6d482,0.0008,11,21000,9000000000,9578525
10000002,2020-05-04 13:22:21,0xc6a1b90411ff840c9bb8b2d8b136dd8c8c5b253f4827076527826a9549f4523d,0xFb08F838aE7a13e88C2F764Ff586e59FA30d5b81,0x0359408A49A774C7Ff541ec5d66d89CAD26c348d,0.06,95,21000,9000000000,9599525
10000002,2020-05-04 13:22:21,0xb3cb99a43125944de0ea395da19dc22d1040ecc1d2e327c4efd6cf3539e204a8,0xcdc7121375692219Ee7D18585234230dB0b4742F,0xF67eb9B468F09401b5d3feC224918DCfC7eC7A23,0.001,2,21000,9000000000,9620525
10000002,2020-05-04 13:22:21,0x66a6c2b878bee6d30846b4b08b4f98a824742cdfd219251880539a458bf0a10c,0xb3A883bA66bdc231920B8d62cE8c847766371e35,0x6e10161F026069DB338bCc19C4585bfdD46Da538,0.003,5,21000,9000000000,9641525
10000002,2020-05-04 13:22:21,0xf0d9031fc7094bcb48ecd21814b0ef64a1453f91e4f8e9e190857e94b9dbf02e,0xC0cC62cC6f12F4344934573367C3823CCaaf89a4,0x9C6E6e963460Cc027A33744248A177727900a4B8,0,5670,237845,8992999997,9792345
10000002,2020-05-04 13:22:21,0xaeca676c72e6fafd251b52bef3ef09c60094b1c3dd7ad20bac234ab72d4072eb,0x3F3ffe0B82af679886750631cD38CcDb0ac1cE71,0x43Cad9793FB8b72Cadc63fD861bfF2DDC9202892,0,43,60000,8800000233,9845066
10000002,2020-05-04 13:22:21,0x512d45d80eefa04afe91f1454e53a9d96cabd46dceacffce6f04b5dbf4ccd965,0x887C46132FE86c23822C198720dFdc2302679073,0xdAC17F958D2ee523a2206206994597C13D831ec7,0,16,60000,8800000233,9871275
10000002,2020-05-04 13:22:21,0x940352d9cdce73939c8077ad364ff887cbe1e785dd5bd91fce514177d8ff58dc,0xf18526d01f9fA91f8c138200cfd773F0D8b2Bae7,0x40F98cc27F52e529158DDE0c51CD07f59288cCfA,0.00047,2869,21000,8200000000,9892275
